"","Naturally regenerating forest ( 1000 ha )","Naturally regenerating forest ( 1000 ha )","Naturally regenerating forest ( 1000 ha )","Naturally regenerating forest ( 1000 ha )","Naturally regenerating forest ( 1000 ha )","Naturally regenerating forest ( 1000 ha )","Naturally regenerating forest ( 1000 ha )","Naturally regenerating forest ( 1000 ha )","Naturally regenerating forest ( 1000 ha )","Planted forest ( 1000 ha )","Planted forest ( 1000 ha )","Planted forest ( 1000 ha )","Planted forest ( 1000 ha )","Planted forest ( 1000 ha )","Planted forest ( 1000 ha )","Planted forest ( 1000 ha )","Planted forest ( 1000 ha )","Planted forest ( 1000 ha )","Plantation forest ( 1000 ha )","Plantation forest ( 1000 ha )","Plantation forest ( 1000 ha )","Plantation forest ( 1000 ha )","Plantation forest ( 1000 ha )","Plantation forest ( 1000 ha )","Plantation forest ( 1000 ha )","Plantation forest ( 1000 ha )","Plantation forest ( 1000 ha )","…of which introduced species ( 1000 ha )","…of which introduced species ( 1000 ha )","…of which introduced species ( 1000 ha )","…of which introduced species ( 1000 ha )","…of which introduced species ( 1000 ha )","…of which introduced species ( 1000 ha )","…of which introduced species ( 1000 ha )","…of which introduced species ( 1000 ha )","…of which introduced species ( 1000 ha )","Other planted forest ( 1000 ha )","Other planted forest ( 1000 ha )","Other planted forest ( 1000 ha )","Other planted forest ( 1000 ha )","Other planted forest ( 1000 ha )","Other planted forest ( 1000 ha )","Other planted forest ( 1000 ha )","Other planted forest ( 1000 ha )","Other planted forest ( 1000 ha )"
"","1990","2000","2010","2015","2016","2017","2018","2019","2020","1990","2000","2010","2015","2016","2017","2018","2019","2020","1990","2000","2010","2015","2016","2017","2018","2019","2020","1990","2000","2010","2015","2016","2017","2018","2019","2020","1990","2000","2010","2015","2016","2017","2018","2019","2020"
"Afghanistan","1208.44","1208.44","1208.44","1208.44","1208.44","1208.44","1208.44","1208.44","1208.44","0.00","0.00","0.00","0.00","0.00","0.00","0.00","0.00","0.00","0.00","0.00","0.00","0.00","0.00","0.00","0.00","0.00","0.00","0.00","0.00","0.00","0.00","","0.00","0.00","0.00","0.00","0.00","0.00","0.00","0.00","0.00","0.00","0.00","0.00","0.00"
"Albania (Desk study)","","","711.68","","","","","","","","","70.39","","","","","","","","","70.39","","","","","","","","","","","","","","","","","","0.00","","","","","",""
"Algeria","1334.00","1234.00","1420.00","1400.00","1435.00","1437.00","1502.00","1438.00","1439.00","333.00","345.00","498.00","556.00","521.00","506.00","428.00","501.00","510.00","0.00","0.00","0.00","0.00","0.00","0.00","0.00","0.00","0.00","0.00","0.00","0.00","0.00","0.00","0.00","0.00","0.00","0.00","333.00","345.00","498.00","556.00","521.00","506.00","428.00","501.00","510.00"
"American Samoa","18.07","17.73","17.43","17.28","17.25","17.22","17.19","17.16","17.13","0.00","0.00","0.00","0.00","0.00","0.00","0.00","0.00","0.00","0.00","0.00","0.00","0.00","0.00","0.00","0.00","0.00","0.00","0.00","0.00","0.00","0.00","0.00","0.00","0.00","0.00","0.00","0.00","0.00","0.00","0.00","0.00","0.00","0.00","0.00","0.00"
"Andorra","16.00","16.00","16.00","16.00","16.00","16.00","16.00","16.00","16.00","0.00","0.00","0.00","0.00","0.00","0.00","0.00","0.00","0.00","0.00","0.00","0.00","0.00","0.00","0.00","0.00","0.00","0.00","0.00","0.00","0.00","0.00","0.00","0.00","0.00","0.00","0.00","0.00","0.00","0.00","0.00","0.00","0.00","0.00","0.00","0.00"
"Angola","78302.22","76766.88","71283.53","68541.86","67993.53","67445.19","66896.86","66348.52","65800.19","960.56","941.73","874.46","840.83","834.10","827.38","820.65","813.92","807.20","960.56","941.73","874.46","840.83","834.10","827.38","820.65","813.92","807.20","0.00","0.00","0.00","0.00","0.00","0.00","0.00","0.00","0.00","0.00","0.00","0.00","0.00","0.00","0.00","0.00","0.00","0.00"
"Anguilla (Desk study)","","","","","","","","","","","","","","","","","","","","","","","","","","","","","","","","","","","","","","","","","","","","",""
"Antigua and Barbuda (Desk study)","","","","","","","","","","","","","","","","","","","","","","","","","","","","","","","","","","","","","","","","","","","","",""
"Argentina","34438.00","32302.00","29027.00","27812.00","27695.00","27555.00","27416.00","27276.00","27137.00","766.00","1076.00","1187.00","1285.00","1315.00","1344.00","1375.00","1405.00","1436.00","766.00","1076.00","1187.00","1285.00","1315.00","1344.00","1375.00","1405.00","1436.00","751.00","1054.00","1163.00","1259.00","1289.00","1317.00","1347.00","1377.00","1407.00","0.00","0.00","0.00","0.00","0.00","0.00","0.00","0.00","0.00"
"Armenia","321.00","322.00","310.00","310.00","310.00","310.00","310.00","310.00","310.00","13.73","10.64","20.56","19.52","19.31","19.10","18.89","18.68","18.47","0.00","0.00","0.00","0.00","0.00","0.00","0.00","0.00","0.00","0.00","0.00","0.00","0.00","0.00","0.00","0.00","0.00","0.00","13.73","10.64","20.56","19.52","19.31","19.10","18.89","18.68","18.47"
"Aruba (Desk study)","0.42","0.42","0.42","0.42","0.42","0.42","0.42","0.42","0.42","0.00","0.00","0.00","0.00","0.00","0.00","0.00","0.00","0.00","0.00","0.00","0.00","0.00","0.00","0.00","0.00","0.00","0.00","0.00","0.00","0.00","0.00","0.00","0.00","0.00","0.00","0.00","0.00","0.00","0.00","0.00","0.00","0.00","0.00","0.00","0.00"
"Australia","132859.30","130329.40","127378.20","130676.70","131614.80","131614.80","131614.80","131614.80","131614.80","1022.90","1484.70","2167.90","2417.80","2422.40","2402.60","2390.30","2390.30","2390.30","1022.90","1484.70","2008.90","1973.40","1974.80","1955.00","1942.70","1942.70","1942.70","926.44","972.18","1023.53","1035.44","1036.77","1036.93","1037.01","1037.01","1037.01","","","159.00","444.40","447.60","447.60","447.60","447.60","447.60"
"Austria","2036.60","2154.30","2183.70","2206.50","2210.70","2214.90","2219.10","2223.30","2227.50","1739.40","1683.70","1679.30","1674.50","1673.90","1673.30","1672.70","1672.10","1671.50","0.00","0.00","0.00","0.00","0.00","0.00","0.00","0.00","0.00","0.00","0.00","0.00","0.00","0.00","0.00","0.00","0.00","0.00","1739.40","1683.70","1679.30","1674.50","1673.90","1673.30","1672.70","1672.10","1671.50"
"Azerbaijan","651.87","681.18","743.40","754.52","793.86","800.94","809.36","817.78","826.20","292.87","306.04","289.10","323.37","293.62","296.24","299.35","302.46","305.57","9.45","9.87","10.32","21.56","10.87","21.94","22.17","22.40","22.63","0.00","0.05","0.05","0.22","0.05","0.22","0.22","0.22","0.22","283.42","296.17","278.77","301.81","282.74","274.30","277.18","280.06","282.94"
"Bahamas","509.86","509.86","509.86","509.86","509.86","509.86","509.86","509.86","509.86","0.00","0.00","0.00","0.00","0.00","0.00","0.00","0.00","0.00","0.00","0.00","0.00","0.00","0.00","0.00","0.00","0.00","0.00","0.00","0.00","0.00","0.00","0.00","0.00","0.00","0.00","0.00","0.00","0.00","0.00","0.00","0.00","0.00","0.00","0.00","0.00"
"Bahrain (Desk study)","0.00","0.00","0.00","0.00","0.00","0.00","0.00","0.00","0.00","0.22","0.37","0.52","0.60","0.62","0.64","0.66","0.68","0.70","0.22","0.37","0.52","0.60","0.62","0.64","0.66","0.68","0.70","0.00","0.00","0.00","0.00","0.00","0.00","0.00","0.00","0.00","0.00","0.00","0.00","0.00","0.00","0.00","0.00","0.00","0.00"
"Bangladesh","1845.16","1845.16","1816.41","1725.33","1725.33","1725.33","1725.33","1725.33","1725.33","75.17","75.17","71.93","158.07","158.07","158.07","158.07","158.07","158.07","75.17","75.17","71.93","158.07","158.07","158.07","158.07","158.07","158.07","75.17","75.17","71.93","78.77","78.77","78.77","78.77","78.77","78.77","0.00","0.00","0.00","0.00","0.00","0.00","0.00","0.00","0.00"
"Barbados","6.30","6.30","6.30","6.30","6.30","6.30","6.30","6.30","6.30","0.00","0.00","0.00","0.00","0.00","0.00","0.00","0.00","0.00","0.00","0.00","0.00","0.00","0.00","0.00","0.00","0.00","0.00","0.00","0.00","0.00","0.00","0.00","0.00","0.00","0.00","0.00","0.00","0.00","0.00","0.00","0.00","0.00","0.00","0.00","0.00"
"Belarus","6576.43","6413.23","6483.72","6421.60","6516.52","6522.14","6547.80","6548.10","6555.60","1203.57","1860.60","2146.28","2211.90","2193.08","2201.96","2190.80","2205.01","2212.00","0.78","0.83","1.73","6.04","6.10","6.11","6.12","6.13","6.14","0.00","0.00","0.00","0.00","0.00","0.00","0.00","0.00","0.00","1202.79","1859.77","2144.56","2205.86","2186.98","2195.86","2184.68","2198.88","2205.86"
"Belgium","231.10","259.20","283.40","251.20","251.20","251.20","251.20","251.20","251.20","446.30","407.90","406.37","438.20","438.20","438.20","438.20","438.20","438.20","446.30","407.90","406.37","438.20","438.20","438.20","438.20","438.20","438.20","306.00","229.20","289.30","350.20","350.20","350.20","350.20","350.20","350.20","0.00","0.00","0.00","0.00","0.00","0.00","0.00","0.00","0.00"
"Belize","1597.97","1457.13","1389.11","1330.50","1319.33","1308.17","1297.00","1285.83","1274.67","2.06","2.17","2.28","2.33","2.34","2.36","2.37","2.38","2.39","2.06","2.17","2.28","2.33","2.34","2.36","2.37","2.38","2.39","","","","","","","","","","0.00","0.00","0.00","0.00","0.00","0.00","0.00","0.00","0.00"
"Benin","4822.53","4118.78","3615.15","3363.15","3316.15","3266.15","3215.15","3163.15","3112.15","13.00","16.00","20.00","22.00","19.00","19.00","20.00","22.00","23.00","13.00","16.00","20.00","22.00","19.00","19.00","20.00","22.00","23.00","13.00","16.00","20.00","22.00","19.00","19.00","20.00","22.00","23.00","0.00","0.00","0.00","0.00","0.00","0.00","0.00","0.00","0.00"
"Bermuda (Desk study)","","","","","","","","","","","","","","","","","","","","","","","","","","","","","","","","","","","","","","","","","","","","",""
"Bhutan","2487.40","2586.47","2685.54","2694.91","2696.78","2698.65","2700.52","2702.39","2704.26","19.32","19.54","19.75","20.27","20.38","20.49","20.60","20.71","20.82","19.32","19.54","19.75","20.27","20.38","20.49","20.60","20.71","20.82","","","","","","","","","","0.00","0.00","0.00","0.00","0.00","0.00","0.00","0.00","0.00"
"Bolivia (Plurinational State of)","57784.72","55066.33","53035.88","51970.27","51690.43","51429.66","51190.64","50971.16","50771.16","20.00","35.06","50.13","56.95","60.24","62.57","62.60","62.60","62.60","20.00","27.06","34.12","36.94","37.02","38.79","38.79","38.79","38.79","","","","","","","","","","0.00","8.00","16.01","20.01","23.22","23.78","23.81","23.81","23.81"
"Bonaire, Sint Eustatius and Saba (Desk study)","1.91","1.91","1.91","1.91","1.91","1.91","1.91","1.91","1.91","0.00","0.00","0.00","0.00","0.00","0.00","0.00","0.00","0.00","0.00","0.00","0.00","0.00","0.00","0.00","0.00","0.00","0.00","0.00","0.00","0.00","0.00","0.00","0.00","0.00","0.00","0.00","0.00","0.00","0.00","0.00","0.00","0.00","0.00","0.00","0.00"
"Bosnia and Herzegovina (Desk study)","","","","2041.19","2057.20","","","","","","","","119.31","119.31","","","","","","","","0.00","0.00","","","","","","","","0.00","0.00","","","","","","","","119.31","119.31","","","",""
"Botswana","18803.70","17620.70","16437.70","15846.20","15727.90","15609.60","15491.30","15373.00","15254.70","0.00","0.00","0.00","0.00","0.00","0.00","0.00","0.00","0.00","0.00","0.00","0.00","0.00","0.00","0.00","0.00","0.00","0.00","0.00","0.00","0.00","0.00","","0.00","0.00","0.00","0.00","0.00","0.00","0.00","0.00","0.00","0.00","0.00","0.00","0.00"
"Brazil","585339.90","547436.40","504252.40","493946.80","492058.90","490251.90","488548.00","486935.00","485396.00","3558.10","3652.20","7328.30","9937.90","10023.10","9839.70","10503.30","10863.50","11223.60","3558.10","3652.20","7328.30","9937.90","10023.10","9839.70","10503.30","10863.50","11223.60","3441.80","3536.30","7031.20","9510.20","9622.90","9431.80","10062.80","10405.50","10748.10","","","","","","","","",""
"British Virgin Islands (Desk study)","","","","","","","","","","","","","","","","","","","","","","","","","","","","","","","","","","","","","","","","","","","","",""
"Brunei Darussalam","412.00","396.00","376.29","374.91","374.79","374.74","374.74","374.74","374.74","0.67","1.31","3.71","5.09","5.21","5.26","5.26","5.26","5.26","0.00","0.00","0.00","0.00","0.00","0.00","0.00","0.00","0.00","0.00","0.00","0.00","0.00","0.00","0.00","0.00","0.00","0.00","0.67","1.31","3.71","5.09","5.21","5.26","5.26","5.26","5.26"
"Bulgaria","2295.00","2442.00","2920.00","3009.00","3024.00","3047.00","3070.00","3093.00","3116.00","1032.00","933.00","817.00","824.00","817.00","807.00","797.00","787.00","777.00","0.00","0.00","0.00","0.00","0.00","0.00","0.00","0.00","0.00","0.00","0.00","0.00","0.00","0.00","0.00","0.00","0.00","0.00","1032.00","933.00","817.00","824.00","817.00","807.00","797.00","787.00","777.00"
"Burkina Faso","7702.60","7148.20","6593.80","6316.60","6261.10","6205.70","6150.20","6094.80","6039.30","14.00","68.30","122.70","149.90","155.40","160.70","166.20","171.60","177.10","0.70","3.40","6.10","7.50","7.80","8.00","8.30","8.60","8.90","0.00","0.00","0.00","0.00","0.00","0.00","0.00","0.00","0.00","13.30","64.90","116.60","142.40","147.60","152.70","157.90","163.00","168.20"
"Burundi","115.10","80.97","80.97","166.67","166.67","166.67","166.67","166.67","166.67","161.38","112.97","112.97","112.97","112.97","112.97","112.97","112.97","112.97","161.38","112.97","112.97","112.97","112.97","112.97","112.97","112.97","112.97","161.38","112.97","112.97","112.97","112.97","112.97","112.97","112.97","112.97","0.00","0.00","0.00","0.00","0.00","0.00","0.00","0.00","0.00"
"Cabo Verde","13.68","13.68","13.68","13.68","13.68","13.68","13.68","13.68","13.68","1.70","26.04","29.04","30.54","30.84","31.14","31.44","31.74","32.04","1.70","26.04","29.04","30.54","30.84","31.14","31.44","31.74","32.04","1.70","26.04","29.04","30.54","30.84","31.14","31.44","31.74","32.04","0.00","0.00","0.00","0.00","0.00","0.00","0.00","0.00","0.00"
"Cambodia","10937.50","10681.09","10434.70","8302.55","8134.92","7967.29","7799.66","7632.03","7464.40","67.29","99.91","154.53","544.27","556.21","568.15","580.09","592.03","603.97","67.29","99.91","154.53","544.27","556.21","568.15","580.09","592.03","603.97","67.29","99.91","154.52","540.48","552.34","564.20","576.06","587.92","599.78","0.00","0.00","0.00","0.00","0.00","0.00","0.00","0.00","0.00"
"Cameroon","22481.90","21576.39","20859.38","20569.38","20511.38","20453.38","20395.38","20337.38","20279.38","18.10","21.10","41.10","51.10","53.10","55.10","57.10","59.10","61.10","18.10","21.10","41.10","51.10","53.10","55.10","57.10","59.10","61.10","18.10","21.10","41.10","51.10","53.10","55.10","57.10","59.10","61.10","0.00","0.00","0.00","0.00","0.00","0.00","0.00","0.00","0.00"
"Canada","343654.68","338415.86","333306.46","331086.98","330621.30","330157.15","329693.01","329228.85","328764.71","4618.25","9386.11","14015.75","16028.73","16454.74","16881.90","17309.06","17736.23","18163.39","0.00","0.00","0.00","0.00","0.00","0.00","0.00","0.00","0.00","0.00","0.00","0.00","0.00","0.00","0.00","0.00","0.00","0.00","4618.25","9386.11","14015.75","16028.73","16454.74","16881.90","17309.06","17736.23","18163.39"
"Cayman Islands (Desk study)","13.13","12.93","12.72","12.72","12.72","12.72","12.72","12.72","12.72","0.00","0.00","0.00","0.00","0.00","0.00","0.00","0.00","0.00","0.00","0.00","0.00","0.00","0.00","0.00","0.00","0.00","0.00","0.00","0.00","0.00","0.00","0.00","0.00","0.00","0.00","0.00","0.00","0.00","0.00","0.00","0.00","0.00","0.00","0.00","0.00"
"Central African Republic","23201.00","22901.00","22601.00","22451.00","22421.00","22391.00","22361.00","22331.00","22301.00","2.00","2.00","2.00","2.00","2.00","2.00","2.00","2.00","2.00","2.00","2.00","2.00","2.00","2.00","2.00","2.00","2.00","2.00","2.00","2.00","2.00","2.00","2.00","2.00","2.00","2.00","2.00","0.00","0.00","0.00","0.00","0.00","0.00","0.00","0.00","0.00"
"Chad","6719.00","6339.00","5513.00","4872.00","4750.00","4632.00","4516.00","4403.00","4293.00","10.80","13.80","17.70","18.30","18.60","18.90","19.20","19.50","19.80","0.00","0.00","0.00","0.00","0.00","0.00","0.00","0.00","0.00","0.00","0.00","0.00","0.00","0.00","0.00","0.00","0.00","0.00","10.80","13.80","17.70","18.30","18.60","18.90","19.20","19.50","19.80"
"Chile","13599.75","13538.92","13894.87","14550.31","14662.93","14753.71","14844.48","14935.26","15026.03","1646.29","2278.14","2830.39","3045.77","3056.08","3088.24","3120.39","3152.55","3184.70","1646.29","2278.14","2830.39","3045.77","3056.08","3088.24","3120.39","3152.55","3184.70","1646.29","2278.14","2830.39","3045.77","3056.08","3088.24","3120.39","3152.55","3184.70","0.00","0.00","0.00","0.00","0.00","0.00","0.00","0.00","0.00"
"China","112988.60","122170.29","127286.23","131284.06","132214.56","132981.39","133748.22","134515.05","135281.88","44151.98","54830.25","73324.15","79010.22","80245.34","81358.08","82470.82","83583.56","84696.30","35321.58","38880.53","42186.99","42961.80","43332.48","43933.36","44534.24","45135.12","45736.00","4385.84","7162.59","10276.64","11780.43","12133.10","13619.34","13805.61","13991.89","14178.16","8830.40","15949.72","31137.16","36048.42","36912.86","37424.72","37936.58","38448.44","38960.30"
"Colombia","64861.14","62569.80","60426.49","59710.66","59532.09","59312.37","59113.08","58913.80","58714.51","97.00","165.70","381.30","424.00","427.40","427.40","427.40","427.40","427.40","97.00","165.70","381.30","424.00","427.40","427.40","427.40","427.40","427.40","","","","","","","","","","0.00","0.00","0.00","0.00","0.00","0.00","0.00","0.00","0.00"
"Comoros","42.55","39.27","36.00","34.35","34.02","33.69","33.37","33.04","32.71","3.51","2.41","1.31","0.76","0.65","0.54","0.43","0.32","0.21","3.51","2.41","1.31","0.76","0.65","0.54","0.43","0.32","0.21","0.00","0.00","0.00","0.00","0.00","0.00","0.00","0.00","0.00","0.00","0.00","0.00","0.00","0.00","0.00","0.00","0.00","0.00"
"Congo","22255.50","22135.50","22015.50","21955.50","21943.50","21931.50","21916.50","21901.50","21886.50","59.50","59.50","59.50","59.50","59.50","59.50","59.50","59.50","59.50","59.50","59.50","59.50","59.50","59.50","59.50","59.50","59.50","59.50","59.50","59.50","59.50","59.50","59.50","59.50","59.50","59.50","59.50","0.00","0.00","0.00","0.00","0.00","0.00","0.00","0.00","0.00"
"Cook Islands","14.40","14.40","14.40","14.40","14.40","14.40","14.40","14.40","14.40","0.51","1.10","1.10","1.10","1.10","1.10","1.10","1.10","1.10","0.51","1.10","1.10","1.10","1.10","1.10","1.10","1.10","1.10","0.00","0.00","0.00","0.00","0.00","0.00","0.00","0.00","0.00","0.00","0.00","0.00","0.00","0.00","0.00","0.00","0.00","0.00"
"Costa Rica","2880.80","2810.62","2804.20","2876.43","2890.80","2905.17","2919.53","2933.90","2948.27","26.60","46.60","66.60","76.60","78.60","80.60","82.60","84.60","86.60","26.60","46.60","66.60","76.60","78.60","80.60","82.60","84.60","86.60","","","","","","","","","","0.00","0.00","0.00","0.00","0.00","0.00","0.00","0.00","0.00"
"Côte d'Ivoire","7844.16","5080.50","3951.30","3387.20","3274.31","3161.42","3048.53","2935.65","2822.76","6.70","13.95","13.95","13.95","13.95","13.95","13.95","13.95","13.95","6.70","13.95","13.95","13.95","13.95","13.95","13.95","13.95","13.95","6.70","13.95","13.95","13.95","13.95","13.95","13.95","13.95","13.95","0.00","0.00","0.00","0.00","0.00","0.00","0.00","0.00","0.00"
"Croatia","1757.69","1803.40","1845.16","1847.16","1849.29","1858.34","1862.40","1866.46","1870.52","92.31","81.60","74.84","74.84","74.83","73.27","71.71","70.15","68.59","92.31","81.60","74.84","74.84","74.83","73.27","71.71","70.15","68.59","27.86","27.31","24.58","21.62","21.03","20.51","19.99","19.47","18.95","0.00","0.00","0.00","0.00","0.00","0.00","0.00","0.00","0.00"
"Cuba","1711.00","2093.00","2436.00","2656.00","2706.00","2709.34","2709.34","2709.34","2709.34","347.00","342.00","496.00","528.00","535.00","532.66","532.66","532.66","532.66","347.00","342.00","496.00","528.00","535.00","532.66","532.66","532.66","532.66","65.93","87.00","104.00","104.00","100.00","102.96","102.96","102.96","102.96","0.00","0.00","0.00","0.00","0.00","0.00","0.00","0.00","0.00"
"Curaçao (Desk study)","0.07","0.07","0.07","0.07","0.07","0.07","0.07","0.07","0.07","0.00","0.00","0.00","0.00","0.00","0.00","0.00","0.00","0.00","0.00","0.00","0.00","0.00","0.00","0.00","0.00","0.00","0.00","0.00","0.00","0.00","0.00","0.00","0.00","0.00","0.00","0.00","0.00","0.00","0.00","0.00","0.00","0.00","0.00","0.00","0.00"
"Cyprus","136.77","144.05","142.17","141.56","140.34","139.65","139.92","139.85","139.78","24.34","27.56","30.69","31.15","32.27","32.60","32.65","32.70","32.75","0.00","0.00","0.00","0.00","0.00","0.00","0.00","0.00","0.00","","","","","","","0.00","0.00","0.00","24.34","27.56","30.69","31.15","32.27","32.60","32.65","32.70","32.75"
"Czechia","31.07","47.24","87.73","114.96","119.77","124.24","128.71","133.19","137.66","2598.35","2590.05","2569.64","2553.44","2550.08","2547.42","2544.76","2542.09","2539.43","0.00","0.00","0.00","0.00","0.00","0.00","0.00","0.00","0.00","0.00","0.00","0.00","0.00","0.00","0.00","0.00","0.00","0.00","2598.35","2590.05","2569.64","2553.44","2550.08","2547.42","2544.76","2542.09","2539.43"
"Democratic People's Republic of Korea (Desk study)","5782.03","5399.46","5221.86","5132.50","5114.57","5096.63","5078.68","5060.72","5042.75","1130.00","1055.23","1020.53","1003.74","1000.44","997.15","993.87","990.60","987.34","1130.00","1055.23","1020.53","1003.74","1000.44","997.15","993.87","990.60","987.34","","","","","","","","","","0.00","0.00","0.00","0.00","0.00","0.00","0.00","0.00","0.00"
"Democratic Republic of the Congo","150573.50","143842.30","137111.30","131604.40","130503.00","129401.70","128300.30","127198.90","126097.50","55.50","56.70","57.70","57.70","57.70","57.70","57.70","57.70","57.70","55.50","56.70","57.70","57.70","57.70","57.70","57.70","57.70","57.70","55.50","56.70","57.70","57.70","57.70","57.70","57.70","57.70","57.70","0.00","0.00","0.00","0.00","0.00","0.00","0.00","0.00","0.00"
"Denmark","","","139.53","164.73","170.59","182.05","193.52","204.98","216.44","","","446.96","459.95","454.07","443.55","433.06","422.55","412.04","","","272.95","272.80","266.73","259.50","252.28","245.05","237.82","","","272.95","272.80","266.73","259.50","252.28","245.05","237.82","","","174.01","187.15","187.34","184.05","180.78","177.50","174.22"
"Djibouti","5.60","5.60","5.60","5.60","5.60","5.60","5.60","5.60","5.60","0.00","0.00","0.00","0.00","0.00","0.01","0.04","0.10","0.20","0.00","0.00","0.00","0.00","0.00","0.01","0.04","0.10","0.20","0.00","0.00","0.00","0.00","0.00","0.00","0.00","0.00","0.00","0.00","0.00","0.00","0.00","0.00","0.00","0.00","0.00","0.00"
"Dominica","49.50","47.06","47.06","47.06","47.06","47.06","47.06","47.06","47.06","0.81","0.81","0.81","0.81","0.81","0.81","0.81","0.81","0.81","0.81","0.81","0.81","0.81","0.81","0.81","0.81","0.81","0.81","0.81","0.81","0.81","0.81","0.81","0.81","0.81","0.81","0.81","0.00","0.00","0.00","0.00","0.00","0.00","0.00","0.00","0.00"
"Dominican Republic","1573.88","1929.43","1962.81","1969.77","1953.61","1953.73","1953.85","1953.97","1954.09","21.01","43.05","110.30","133.88","158.13","166.10","174.07","182.04","190.01","5.25","15.46","44.13","53.03","63.20","66.38","69.56","72.74","75.92","1.31","9.27","26.48","30.00","37.92","39.83","41.74","43.65","45.56","15.76","27.59","66.17","80.84","94.93","99.72","104.51","109.30","114.09"
"Ecuador","14587.77","13660.35","12943.37","12692.28","12631.18","12570.09","12508.99","12447.89","12386.79","44.43","70.15","84.82","126.89","123.72","120.54","117.36","114.19","111.01","44.43","70.15","84.82","126.89","123.72","120.54","117.36","114.19","111.01","","","","","","","","","","0.00","0.00","0.00","0.00","0.00","0.00","0.00","0.00","0.00"
"Egypt","0.00","0.00","0.00","0.00","0.00","0.00","0.00","0.00","0.00","43.81","59.21","65.64","48.42","44.98","44.98","44.98","44.98","44.98","0.00","0.00","0.00","0.00","0.00","0.00","0.00","0.00","0.00","0.00","0.00","0.00","0.00","0.00","0.00","0.00","0.00","0.00","43.81","59.21","65.64","48.42","44.98","44.98","44.98","44.98","44.98"
"El Salvador","708.96","661.40","613.83","590.05","585.30","580.54","575.78","571.03","566.27","9.92","12.48","15.05","16.33","16.58","16.84","17.10","17.35","17.61","9.92","12.48","15.05","16.33","16.58","16.84","17.10","17.35","17.61","9.58","11.60","13.62","14.63","14.83","15.03","15.23","15.44","15.64","0.00","0.00","0.00","0.00","0.00","0.00","0.00","0.00","0.00"
"Equatorial Guinea","2699.16","2490.58","2407.01","2365.22","2356.86","2348.50","2340.15","2331.79","2323.43","0.00","125.00","125.00","125.00","125.00","125.00","125.00","125.00","125.00","0.00","125.00","125.00","125.00","125.00","125.00","125.00","125.00","125.00","0.00","","","","","","","","","0.00","0.00","0.00","0.00","0.00","0.00","0.00","0.00","0.00"
"Eritrea","1140.06","1097.46","1058.36","1032.46","1028.50","1024.14","1021.18","1017.02","1011.86","10.00","21.00","28.50","38.60","39.40","40.60","40.40","41.40","43.40","0.00","6.00","8.50","14.60","15.40","15.60","15.40","16.40","16.40","0.00","4.00","6.50","11.00","13.00","13.00","14.00","14.00","14.00","10.00","15.00","20.00","24.00","24.00","25.00","25.00","25.00","27.00"
"Estonia","2010.73","2040.80","2129.34","2206.80","2207.02","2222.66","2222.66","2222.66","2222.66","195.17","198.09","206.68","214.20","214.22","215.74","215.74","215.74","215.74","6.14","6.23","6.50","6.74","6.74","6.79","6.79","6.79","6.79","1.92","1.95","2.03","2.11","2.11","2.12","2.12","2.12","2.12","189.03","191.86","200.18","207.46","207.48","208.95","208.95","208.95","208.95"
"Eswatini","297.37","330.13","362.89","379.27","382.55","385.83","389.11","392.39","395.67","163.77","143.15","122.54","112.23","110.17","108.11","106.05","103.99","101.93","163.77","143.15","122.54","112.23","110.17","108.11","106.05","103.99","101.93","","","","","","","","","","0.00","0.00","0.00","0.00","0.00","","0.00","0.00","0.00"
"Ethiopia","18918.89","18188.89","17057.79","16461.50","16342.24","16222.98","16103.72","15984.46","15865.20","339.61","339.61","740.71","972.00","1018.26","1064.52","1110.78","1157.04","1203.30","271.69","271.69","592.57","777.60","814.61","851.62","888.63","925.64","962.65","217.35","217.35","454.61","583.20","608.92","634.64","660.36","686.08","711.80","67.92","67.92","148.14","194.40","203.65","212.90","222.15","231.40","240.65"
"Falkland Islands (Malvinas) (Desk study)","0.00","0.00","0.00","0.00","0.00","0.00","0.00","0.00","0.00","0.00","0.00","0.00","0.00","0.00","0.00","0.00","0.00","0.00","0.00","0.00","0.00","0.00","0.00","0.00","0.00","0.00","0.00","0.00","0.00","0.00","0.00","0.00","0.00","0.00","0.00","0.00","0.00","0.00","0.00","0.00","0.00","0.00","0.00","0.00","0.00"
"Faroe Islands","0.00","0.00","0.00","0.00","0.00","0.00","0.00","0.00","0.00","0.08","0.08","0.08","0.08","0.08","0.08","0.08","0.08","0.08","0.08","0.08","0.08","0.08","0.08","0.08","0.08","0.08","0.08","0.08","0.08","0.08","0.08","0.08","0.08","0.08","0.08","0.08","0.00","0.00","0.00","0.00","0.00","0.00","0.00","0.00","0.00"
"Fiji","854.92","880.99","907.06","920.09","922.70","925.31","927.92","930.53","933.14","84.77","125.48","166.18","186.53","190.60","194.67","198.74","202.81","206.88","84.77","125.48","166.18","186.53","190.60","194.67","198.74","202.81","206.88","84.77","125.48","166.18","186.53","190.60","194.67","198.74","202.81","206.88","0.00","0.00","0.00","0.00","0.00","0.00","0.00","0.00","0.00"
"Finland","17484.95","17301.10","15333.63","15040.92","15040.92","15040.92","15040.92","15040.92","15040.92","4390.38","5144.54","6908.37","7368.08","7368.08","7368.08","7368.08","7368.08","7368.08","21.88","24.69","33.36","33.61","33.61","33.61","33.61","33.61","33.61","21.88","24.69","33.36","33.61","33.61","33.61","33.61","33.61","33.61","4368.50","5119.85","6875.00","7334.47","7334.47","7334.47","7334.47","7334.47","7334.47"
"France","12908.00","13702.00","14346.00","14576.00","14624.00","14673.00","14722.00","14771.00","14819.00","1528.00","1586.00","2073.00","2260.00","2295.00","2330.00","2364.00","2399.00","2434.00","0.00","0.00","0.00","0.00","0.00","0.00","0.00","0.00","0.00","0.00","0.00","0.00","0.00","0.00","0.00","0.00","0.00","0.00","1528.00","1586.00","2073.00","2260.00","2295.00","2330.00","2364.00","2399.00","2434.00"
"French Guyana","8124.30","8078.74","8035.80","8019.30","8015.87","8012.44","8008.91","8005.98","8002.05","0.70","0.70","0.70","0.70","0.70","0.70","0.80","0.80","0.80","0.70","0.70","0.70","0.70","0.70","0.70","0.80","0.80","0.80","0.50","0.50","0.50","0.50","0.50","0.50","0.60","0.60","0.60","0.00","0.00","0.00","0.00","0.00","0.00","0.00","0.00","0.00"
"French Polynesia (Desk study)","140.00","140.00","140.00","140.00","140.00","140.00","140.00","140.00","140.00","4.43","8.55","9.46","9.46","9.46","9.46","9.46","9.46","9.46","2.78","6.08","6.21","6.21","6.21","6.21","6.21","6.21","6.21","2.73","6.00","6.10","6.10","6.10","6.10","6.10","6.10","6.10","1.65","2.47","3.25","3.25","3.25","3.25","3.25","3.25","3.25"
"Gabon","23731.15","23670.00","23619.41","23560.00","23548.12","23536.24","23524.36","23512.48","23500.59","30.00","30.00","30.00","30.00","30.00","30.00","30.00","30.00","30.00","30.00","30.00","30.00","30.00","30.00","30.00","30.00","30.00","30.00","","","","","","","","","","0.00","0.00","0.00","0.00","0.00","0.00","0.00","0.00","0.00"
"Gambia","412.88","355.55","298.22","269.56","263.82","258.09","252.36","246.62","240.89","1.78","1.78","1.78","1.78","1.78","1.78","1.78","1.78","1.78","1.78","1.78","1.78","1.78","1.78","1.78","1.78","1.78","1.78","1.78","1.78","1.78","1.78","1.78","1.78","1.78","1.78","1.78","0.00","0.00","0.00","0.00","0.00","0.00","0.00","0.00","0.00"
"Georgia","2698.35","2700.69","2750.43","2750.43","2750.43","2750.43","2750.43","2750.43","2750.43","53.95","59.91","71.97","71.97","71.97","71.97","71.97","71.97","71.97","53.95","59.91","71.97","71.97","71.97","71.97","71.97","71.97","71.97","16.47","16.47","16.47","16.47","16.47","16.47","16.47","16.47","16.47","0.00","0.00","0.00","0.00","0.00","0.00","0.00","0.00","0.00"
"Germany","5650.00","5677.00","5704.50","5709.50","5709.50","5709.50","5709.50","5709.50","5709.50","5650.00","5677.00","5704.50","5709.50","5709.50","5709.50","5709.50","5709.50","5709.50","0.00","0.00","0.00","0.00","0.00","0.00","0.00","0.00","0.00","0.00","0.00","0.00","0.00","0.00","0.00","0.00","0.00","0.00","5650.00","5677.00","5704.50","5709.50","5709.50","5709.50","5709.50","5709.50","5709.50"
"Ghana","9874.26","8798.61","7722.95","7619.99","7654.30","7688.61","7688.61","7688.61","7688.61","50.00","50.00","219.98","260.45","267.94","275.43","282.65","289.87","297.10","50.00","50.00","219.98","260.45","267.94","275.43","282.65","289.87","297.10","25.00","25.00","109.99","130.23","133.97","137.72","141.33","144.94","148.55","0.00","0.00","0.00","0.00","0.00","0.00","0.00","0.00","0.00"
"Gibraltar (Desk study)","0.00","0.00","0.00","0.00","0.00","0.00","0.00","0.00","0.00","0.00","0.00","0.00","0.00","0.00","0.00","0.00","0.00","0.00","0.00","0.00","0.00","0.00","0.00","0.00","0.00","0.00","0.00","0.00","0.00","0.00","0.00","0.00","0.00","0.00","0.00","0.00","0.00","0.00","0.00","0.00","0.00","0.00","0.00","0.00","0.00"
"Greece","3180.79","3471.70","3762.90","3762.90","3762.90","3762.90","3762.90","3762.90","3762.90","117.76","128.53","138.90","138.90","138.90","138.90","138.90","138.90","138.90","117.76","128.53","138.90","138.90","138.90","138.90","138.90","138.90","138.90","","","","","","","","","","0.00","0.00","0.00","0.00","0.00","0.00","0.00","0.00","0.00"
"Greenland","0.00","0.00","0.00","0.00","0.00","0.00","0.00","0.00","0.00","0.22","0.22","0.22","0.22","0.22","0.22","0.22","0.22","0.22","0.22","0.22","0.22","0.22","0.22","0.22","0.22","0.22","0.22","0.22","0.22","0.22","0.22","0.22","0.22","0.22","0.22","0.22","0.00","0.00","0.00","0.00","0.00","0.00","0.00","0.00","0.00"
"Grenada","17.49","17.49","17.49","17.49","17.49","17.49","17.49","17.49","17.49","0.21","0.21","0.21","0.21","0.21","0.21","0.21","0.21","0.21","0.21","0.21","0.21","0.21","0.21","0.21","0.21","0.21","0.21","","","","","","","","","","0.00","0.00","0.00","0.00","0.00","0.00","0.00","0.00","0.00"
"Guadeloupe","72.67","71.77","71.05","71.72","71.66","71.60","71.54","71.48","71.42","0.50","0.50","0.50","0.50","0.50","0.50","0.50","0.50","0.50","0.50","0.50","0.50","0.50","0.50","0.50","0.50","0.50","0.50","0.00","0.00","0.00","0.00","0.00","0.00","0.00","0.00","0.00","0.00","0.00","0.00","0.00","0.00","0.00","0.00","0.00","0.00"
"Guam","24.00","24.00","24.00","25.00","28.00","28.00","28.00","28.00","28.00","0.00","0.00","0.00","0.00","0.00","0.00","0.00","0.00","0.00","0.00","0.00","0.00","0.00","0.00","0.00","0.00","0.00","0.00","0.00","0.00","0.00","0.00","0.00","0.00","0.00","0.00","0.00","0.00","0.00","0.00","0.00","0.00","0.00","0.00","0.00","0.00"
"Guatemala","4757.20","4172.20","3610.92","3454.00","3438.38","3422.76","3407.13","3391.51","3375.89","24.00","37.00","111.68","131.80","135.82","139.84","143.86","147.89","151.92","18.00","27.00","74.45","95.81","100.08","104.35","108.62","112.89","117.17","5.00","5.00","11.17","11.87","12.01","12.15","12.29","12.43","12.57","6.00","10.00","37.23","35.99","35.74","35.49","35.24","35.00","34.75"
"Guernsey (Desk study)","0.13","0.13","0.19","0.19","0.19","0.19","0.19","0.19","0.19","0.10","0.10","0.22","0.22","0.22","0.22","0.22","0.22","0.22","0.10","0.10","0.22","0.22","0.22","0.22","0.22","0.22","0.22","","","","","","","","","","0.00","0.00","0.00","0.00","0.00","0.00","0.00","0.00","0.00"
"Guinea","7236.00","6884.00","6517.00","6336.00","6295.00","6254.00","6213.00","6173.00","6132.00","40.00","45.00","52.00","53.00","54.00","55.00","56.00","56.00","57.00","10.00","15.00","20.00","21.00","22.00","23.00","24.00","24.00","25.00","5.00","6.00","7.00","7.00","7.00","7.00","8.00","8.00","8.00","30.00","30.00","32.00","32.00","32.00","32.00","32.00","32.00","32.00"
"Guinea-Bissau (Desk study)","2233.00","2149.00","2064.00","2021.00","2013.00","2004.00","1996.00","1987.00","1979.00","0.21","0.37","0.71","0.88","0.91","0.95","0.98","1.02","1.05","0.21","0.37","0.71","0.88","0.91","0.95","0.98","1.02","1.05","","","","","","","","","","0.00","0.00","0.00","0.00","0.00","0.00","0.00","0.00","0.00"
"Guyana","18602.15","18564.22","18519.81","18461.36","18452.16","18442.95","18433.75","18424.54","18415.34","0.00","0.00","0.00","0.00","0.00","0.00","0.00","0.00","0.00","0.00","0.00","0.00","0.00","0.00","0.00","0.00","0.00","0.00","0.00","0.00","0.00","0.00","0.00","0.00","0.00","0.00","0.00","0.00","0.00","0.00","0.00","0.00","0.00","0.00","0.00","0.00"
"Haiti","370.92","360.65","350.38","330.85","327.74","324.63","321.52","318.41","315.30","12.00","20.00","28.00","32.00","32.00","32.00","32.00","32.00","32.00","12.00","20.00","28.00","32.00","32.00","32.00","32.00","32.00","32.00","","","","","","","","","","0.00","0.00","0.00","0.00","0.00","0.00","0.00","0.00","0.00"
"Holy See (Desk study)","0.00","0.00","0.00","0.00","0.00","0.00","0.00","0.00","0.00","0.00","0.00","0.00","0.00","0.00","0.00","0.00","0.00","0.00","0.00","0.00","0.00","0.00","0.00","0.00","0.00","0.00","0.00","0.00","0.00","0.00","0.00","0.00","0.00","0.00","0.00","0.00","0.00","0.00","0.00","0.00","0.00","0.00","0.00","0.00","0.00"
"Honduras","6987.78","6778.87","6575.47","6463.83","6443.05","6422.11","6401.16","6380.21","6359.26","0.00","0.00","0.00","0.00","0.00","0.00","0.00","0.00","0.00","0.00","0.00","0.00","0.00","0.00","0.00","0.00","0.00","0.00","0.00","0.00","0.00","0.00","0.00","0.00","0.00","0.00","0.00","0.00","0.00","0.00","0.00","0.00","0.00","0.00","0.00","0.00"
"Hungary","","","1252.60","1268.02","1269.08","1269.91","1265.06","1264.65","1264.23","","","793.79","792.80","789.66","787.36","790.86","789.82","788.78","","","150.61","140.96","137.45","135.35","134.16","132.06","129.97","","","139.06","129.53","126.79","124.69","122.92","120.87","118.83","","","643.18","651.84","652.21","652.01","656.70","657.76","658.81"
"Iceland","10.51","10.94","11.37","11.58","11.62","11.67","11.71","11.75","11.79","6.56","18.89","33.30","36.58","37.04","37.71","38.33","38.94","39.56","0.00","0.00","0.00","0.00","0.00","0.00","0.00","0.00","0.00","0.00","0.00","0.00","0.00","0.00","0.00","0.00","0.00","0.00","6.56","18.89","33.30","36.58","37.04","37.71","38.33","38.94","39.56"
"India","58223.00","58223.00","56717.31","57804.00","58022.00","58239.21","58456.63","58674.00","58891.00","5715.00","9368.00","12778.69","13024.00","13072.00","13121.59","13170.57","13219.60","13269.00","3514.00","7167.00","9668.06","9854.00","9890.00","9927.49","9964.55","10002.00","10039.00","460.00","939.00","1266.00","1291.00","1296.00","1300.00","1305.00","1310.00","1315.00","2201.00","2201.00","3110.63","3170.00","3182.00","3194.10","3206.02","3217.60","3230.00"
"Indonesia","118399.51","97432.00","95472.70","90359.50","89848.10","89289.50","88728.83","88168.17","87607.50","145.49","3848.00","4186.50","4668.40","5423.70","4660.30","4615.43","4570.57","4525.70","145.49","3848.00","4186.50","4668.40","5423.70","4660.30","4615.43","4570.57","4525.70","","","","","","","","","","0.00","0.00","0.00","0.00","0.00","0.00","0.00","0.00","0.00"
"Iran (Islamic Republic of)","8560.38","8809.98","9750.98","9750.98","9750.98","9750.98","9750.98","9750.98","9750.98","515.67","515.67","941.00","941.00","951.10","959.61","976.05","992.49","1000.89","515.67","515.67","941.00","941.00","951.10","959.61","976.05","992.49","1000.89","","","","","","","","","","0.00","0.00","0.00","0.00","0.00","0.00","0.00","0.00","0.00"
"Iraq","743.23","754.19","758.00","754.65","751.13","747.44","743.56","739.49","735.21","60.77","63.81","67.00","70.35","73.87","77.56","81.44","85.51","89.79","60.77","63.81","67.00","70.35","73.87","77.56","81.44","85.51","89.79","0.00","0.00","0.00","0.00","0.00","0.00","0.00","0.00","0.00","0.00","0.00","0.00","0.00","0.00","0.00","0.00","0.00","0.00"
"Ireland","81.25","81.44","80.80","96.87","102.34","107.80","107.80","107.80","107.80","380.39","548.92","639.58","657.80","660.01","662.22","666.22","670.22","674.22","380.39","548.92","639.58","657.80","660.01","662.22","666.22","670.22","674.22","293.55","423.60","488.48","488.01","485.71","483.42","486.42","489.42","492.42","0.00","0.00","0.00","0.00","0.00","0.00","0.00","0.00","0.00"
"Isle of Man (Desk study)","","","","","","","","","","","","","","","","","","","","","","","","","","","","","","","","","","","","","","","","","","","","",""
"Israel","66.00","65.00","66.00","76.00","55.00","55.00","55.00","55.00","55.00","66.00","88.00","88.00","89.00","85.00","85.00","85.00","85.00","85.00","0.00","0.00","0.00","0.00","0.00","0.00","0.00","0.00","0.00","0.00","0.00","0.00","0.00","0.00","0.00","0.00","0.00","0.00","66.00","88.00","88.00","89.00","85.00","85.00","85.00","85.00","85.00"
"Italy","7061.01","7773.74","8393.77","8657.44","8710.17","8762.90","8815.63","8868.36","8921.09","528.75","595.51","634.26","639.64","640.71","641.78","642.85","643.92","644.99","131.10","125.45","124.53","126.44","126.82","127.20","127.58","127.96","128.34","123.84","103.67","93.43","93.28","93.25","93.22","93.19","93.16","93.13","397.65","470.06","509.73","513.20","513.89","514.58","515.27","515.96","516.65"
"Jamaica","512.49","512.79","550.16","569.12","573.00","576.88","580.76","584.63","588.51","8.79","8.21","8.29","8.34","8.35","8.35","8.36","8.37","8.38","8.79","8.21","8.29","8.34","8.35","8.35","8.36","8.37","8.38","8.68","8.11","8.19","8.24","8.25","8.25","8.26","8.27","8.28","0.00","0.00","0.00","0.00","0.00","0.00","0.00","0.00","0.00"
"Japan","14663.00","14545.00","14674.00","14726.00","14739.00","14751.00","14751.00","14751.00","14751.00","10287.00","10331.00","10292.00","10218.00","10201.00","10184.00","10184.00","10184.00","10184.00","0.00","0.00","0.00","0.00","0.00","0.00","0.00","0.00","0.00","0.00","0.00","0.00","0.00","0.00","0.00","0.00","0.00","0.00","10287.00","10331.00","10292.00","10218.00","10201.00","10184.00","10184.00","10184.00","10184.00"
"Jersey (Desk study)","","","","","","","","","","","","","","","","","","","","","","","","","","","","","","","","","","","","","","","","","","","","",""
"Jordan","50.60","50.60","50.60","50.60","50.60","50.60","50.60","50.60","50.60","46.90","46.90","46.90","46.90","46.90","46.90","46.90","46.90","46.90","46.90","46.90","46.90","46.90","46.90","46.90","46.90","46.90","46.90","","","","","","","","","","0.00","0.00","0.00","0.00","0.00","0.00","0.00","0.00","0.00"
"Kazakhstan","2645.22","2628.14","2637.73","2887.62","2916.88","2946.15","2975.41","3004.67","3033.93","517.03","528.79","444.45","420.84","420.82","420.80","420.79","420.78","420.77","0.00","0.00","0.00","0.00","0.00","0.00","0.00","0.00","0.00","","","","","0.00","0.00","","0.00","0.00","517.03","528.79","444.45","420.84","420.82","420.80","420.79","420.78","420.77"
"Kenya","3705.75","3808.40","3463.55","3369.62","3399.18","3428.74","3458.30","3458.30","3458.30","152.79","152.79","152.79","152.79","152.79","152.79","152.79","152.79","152.79","152.79","152.79","152.79","152.79","152.79","152.79","152.79","152.79","152.79","152.79","152.79","152.79","152.79","152.79","152.79","152.79","152.79","152.79","0.00","0.00","0.00","0.00","0.00","0.00","0.00","0.00","0.00"
"Kiribati (Desk study)","","","","","","","","","","","","","","","","","","","","","","","","","","","","","","","","","","","","","","","","","","","","",""
"Kuwait (Desk study)","0.00","0.00","0.00","0.00","0.00","0.00","0.00","0.00","0.00","3.45","4.85","6.25","6.25","6.25","6.25","6.25","6.25","6.25","3.45","4.85","6.25","6.25","6.25","6.25","6.25","6.25","6.25","3.45","4.85","6.25","6.25","6.25","6.25","6.25","6.25","6.25","0.00","0.00","0.00","0.00","0.00","0.00","0.00","0.00","0.00"
"Kyrgyzstan","977.32","1015.58","1044.92","1054.95","1056.95","1058.96","1067.96","1076.96","1085.96","159.10","165.33","184.76","196.86","199.28","201.71","210.71","219.71","228.71","0.00","0.00","0.00","0.00","0.00","0.00","0.00","0.00","0.00","","0.00","0.00","0.00","0.00","","0.00","0.00","0.00","159.10","165.33","184.76","196.86","199.28","201.71","210.71","219.71","228.71"
"Lao People's Democratic Republic","16237.00","15845.00","15344.75","15084.50","15032.45","14980.40","14928.35","14876.30","14824.25","1606.00","1580.00","1595.75","1683.50","1701.05","1718.60","1736.15","1753.70","1771.25","6.00","18.00","112.00","140.00","145.60","151.20","156.80","162.40","168.00","4.50","13.50","84.00","105.00","109.20","113.40","117.60","121.80","126.00","1600.00","1562.00","1483.75","1543.50","1555.45","1567.40","1579.35","1591.30","1603.25"
"Latvia","2858.60","2918.90","2964.46","2954.90","2952.99","2951.08","2949.17","2947.26","2945.35","314.40","322.10","407.66","436.54","442.32","448.10","453.88","459.66","465.44","0.00","0.00","6.57","12.47","13.65","14.83","16.01","17.19","18.37","","","0.00","0.00","0.00","0.00","0.00","0.00","0.00","314.40","322.10","401.09","424.07","428.67","433.27","437.87","442.47","447.07"
"Lebanon","138.58","137.58","137.01","139.98","140.57","141.16","141.75","142.34","142.93","1.11","0.59","0.34","0.35","0.35","0.35","0.35","0.35","0.35","0.00","0.00","0.00","0.00","0.00","0.00","0.00","0.00","0.00","0.00","0.00","0.00","0.00","0.00","0.00","0.00","0.00","0.00","1.11","0.59","0.34","0.35","0.35","0.35","0.35","0.35","0.35"
"Lesotho","25.85","25.85","25.85","25.85","25.85","25.85","25.85","25.85","25.85","8.67","8.67","8.67","8.67","8.67","8.67","8.67","8.67","8.67","5.32","5.32","5.32","5.32","5.32","5.32","5.32","5.32","5.32","5.32","5.32","5.32","5.32","5.32","5.32","5.32","5.32","5.32","3.35","3.35","3.35","3.35","3.35","3.35","3.35","3.35","3.35"
"Liberia","8524.04","8212.83","7901.62","7746.02","7714.90","7683.78","7652.66","7621.53","7590.41","1.20","9.81","18.42","22.72","23.58","24.44","25.30","26.17","27.03","1.20","9.81","18.42","22.72","23.58","24.44","25.30","26.17","27.03","","","","","","","","","","0.00","0.00","0.00","0.00","0.00","0.00","0.00","0.00","0.00"
"Libya (Desk study)","0.00","0.00","0.00","0.00","0.00","0.00","0.00","0.00","0.00","217.00","217.00","217.00","217.00","217.00","217.00","217.00","217.00","217.00","217.00","217.00","217.00","217.00","217.00","217.00","217.00","217.00","217.00","","","","","","","","","","0.00","0.00","0.00","0.00","0.00","0.00","0.00","0.00","0.00"
"Liechtenstein","6.30","6.10","6.10","6.10","6.10","6.10","6.10","6.10","6.10","0.20","0.60","0.60","0.60","0.60","0.60","0.60","0.60","0.60","0.00","0.00","0.00","0.00","0.00","0.00","0.00","0.00","0.00","0.00","0.00","0.00","0.00","0.00","0.00","0.00","0.00","0.00","0.20","0.60","0.60","0.60","0.60","0.60","0.60","0.60","0.60"
"Lithuania","1534.02","1553.78","1634.23","1601.98","1594.08","1591.66","1593.00","1592.00","1590.00","410.98","466.22","535.77","585.02","595.92","604.34","605.00","608.00","611.00","0.00","0.00","0.00","0.00","0.00","0.00","0.00","0.00","0.00","","","","","0.00","","0.00","0.00","0.00","410.98","466.22","535.77","585.02","595.92","604.34","605.00","608.00","611.00"
"Luxembourg","57.70","58.70","58.70","58.70","58.70","58.70","58.70","58.70","58.70","28.10","28.00","30.00","30.00","30.00","30.00","30.00","30.00","30.00","0.00","0.00","0.00","0.00","0.00","0.00","0.00","0.00","0.00","0.00","0.00","0.00","0.00","0.00","0.00","0.00","0.00","0.00","28.10","28.00","30.00","30.00","30.00","30.00","30.00","30.00","30.00"
"Madagascar","13462.45","12758.67","12146.98","12183.89","12170.68","12157.46","12144.24","12131.03","12117.81","231.00","272.00","415.00","312.00","312.00","312.00","312.00","312.00","312.00","231.00","272.00","415.00","312.00","312.00","312.00","312.00","312.00","312.00","","","","","","","","","","0.00","0.00","0.00","0.00","0.00","0.00","0.00","0.00","0.00"
"Malawi","3362.60","2963.70","2564.90","2365.50","2325.60","2285.70","2245.80","2205.90","2166.00","139.10","118.00","96.80","86.20","84.10","82.00","79.90","77.80","75.70","139.10","118.00","96.80","86.20","84.10","82.00","79.90","77.80","75.70","139.10","118.00","96.80","86.20","84.10","82.00","79.90","77.80","75.70","0.00","0.00","0.00","0.00","0.00","0.00","0.00","0.00","0.00"
"Malaysia","18683.82","18063.83","17638.74","17756.22","17585.85","17543.61","17501.38","17459.15","17416.92","1934.68","1627.52","1308.91","1708.00","1728.79","1720.88","1712.96","1705.04","1697.12","1934.68","1627.52","1308.91","1708.00","1728.79","1720.88","1712.96","1705.04","1697.12","","","","","","","","","","0.00","0.00","0.00","0.00","0.00","0.00","0.00","0.00","0.00"
"Maldives","0.82","0.82","0.82","0.82","0.82","0.82","0.82","0.82","0.82","0.00","0.00","0.00","0.00","0.00","0.00","0.00","0.00","0.00","0.00","0.00","0.00","0.00","0.00","0.00","0.00","0.00","0.00","0.00","0.00","0.00","0.00","0.00","0.00","0.00","0.00","0.00","0.00","0.00","0.00","0.00","0.00","0.00","0.00","0.00","0.00"
"Mali","13291.00","13241.00","12766.00","12732.00","12730.00","12728.00","12728.00","12728.00","12728.00","5.00","55.00","530.00","564.00","566.00","568.00","568.00","568.00","568.00","0.00","0.00","0.00","0.00","0.00","0.00","0.00","0.00","0.00","0.00","0.00","0.00","0.00","0.00","0.00","0.00","0.00","0.00","5.00","55.00","530.00","564.00","566.00","568.00","568.00","568.00","568.00"
"Malta","0.35","0.35","0.35","0.35","0.35","0.38","0.42","0.42","0.42","0.00","0.00","0.00","0.00","0.03","0.04","0.04","0.04","0.04","0.00","0.00","0.00","0.00","0.03","0.04","0.04","0.04","0.04","0.00","0.00","0.00","0.00","","","","","","0.00","0.00","0.00","0.00","0.00","0.00","0.00","0.00","0.00"
"Marshall Islands","6.27","6.27","6.27","6.27","6.27","6.27","6.27","6.27","6.27","3.13","3.13","3.13","3.13","3.13","3.13","3.13","3.13","3.13","0.00","0.00","0.00","0.00","0.00","0.00","0.00","0.00","0.00","0.00","0.00","0.00","0.00","0.00","0.00","0.00","0.00","0.00","3.13","3.13","3.13","3.13","3.13","3.13","3.13","3.13","3.13"
"Martinique","45.40","46.15","47.61","48.69","48.79","48.99","49.19","49.35","49.59","2.44","2.59","2.68","2.70","2.70","2.70","2.70","2.70","2.70","2.44","2.59","2.65","2.66","2.66","2.66","2.66","2.66","2.66","0.00","0.00","0.00","0.00","0.00","0.00","0.00","0.00","0.00","0.00","0.00","0.03","0.04","0.04","0.04","0.04","0.04","0.04"
"Mauritania","465.97","400.39","334.81","302.02","295.47","288.90","282.40","275.80","269.30","10.07","21.25","32.43","38.02","39.13","40.24","41.35","42.46","43.57","0.00","0.00","0.00","0.00","0.00","0.00","0.00","0.00","0.00","0.00","0.00","0.00","0.00","0.00","0.00","0.00","0.00","0.00","10.07","21.25","32.43","38.02","39.13","40.24","41.35","42.46","43.57"
"Mauritius","23.82","23.82","20.31","20.30","20.30","20.30","20.30","20.30","20.30","17.25","18.11","18.05","18.00","17.99","17.98","17.97","17.96","17.95","0.00","0.00","0.00","0.00","0.00","0.00","0.00","0.00","0.00","0.00","0.00","0.00","0.00","0.00","0.00","0.00","0.00","0.00","17.25","18.11","18.05","18.00","17.99","17.98","17.97","17.96","17.95"
"Mayotte","19.87","15.53","13.95","13.65","13.57","13.54","13.49","13.44","13.39","0.17","0.30","0.46","0.50","0.52","0.52","0.53","0.54","0.55","0.03","0.03","0.03","0.03","0.03","0.03","0.03","0.03","0.03","0.03","0.03","0.03","0.03","0.03","0.03","0.03","0.03","0.03","0.14","0.27","0.43","0.47","0.49","0.49","0.50","0.51","0.52"
"Mexico","70552.22","68341.59","66876.79","66247.05","66115.98","65984.91","65853.84","65722.77","65591.70","39.43","39.76","66.51","83.86","87.16","90.47","93.77","97.07","100.38","38.83","34.52","61.85","75.47","75.47","75.47","75.47","75.47","75.47","","","","","","","","","","0.60","5.24","4.66","8.39","11.69","15.00","18.30","21.60","24.91"
"Micronesia (Federated States of)","43.33","46.63","49.92","50.06","50.09","50.12","50.15","50.18","50.21","20.25","17.23","14.21","14.21","14.21","14.21","14.21","14.21","14.21","20.25","17.23","14.21","14.21","14.21","14.21","14.21","14.21","14.21","","","","","","","","","","0.00","0.00","0.00","0.00","0.00","0.00","0.00","0.00","0.00"
"Monaco (Desk study)","0.00","0.00","0.00","0.00","0.00","0.00","0.00","0.00","0.00","0.00","0.00","0.00","0.00","0.00","0.00","0.00","0.00","0.00","0.00","0.00","0.00","0.00","0.00","0.00","0.00","0.00","0.00","0.00","0.00","0.00","0.00","0.00","0.00","0.00","0.00","0.00","0.00","0.00","0.00","0.00","0.00","0.00","0.00","0.00","0.00"
"Mongolia","14347.60","14254.87","14173.70","14170.68","14171.87","14168.43","14167.32","14166.21","14165.10","4.40","9.03","10.12","7.65","5.35","7.68","7.68","7.68","7.68","4.40","9.03","10.12","7.65","5.35","7.68","7.68","7.68","7.68","0.00","0.00","0.00","0.00","0.00","0.00","0.00","0.00","0.00","0.00","0.00","0.00","0.00","0.00","0.00","0.00","0.00","0.00"
"Montenegro","618.00","618.00","819.00","819.00","819.00","819.00","819.00","819.00","819.00","8.00","8.00","8.00","8.00","8.00","8.00","8.00","8.00","8.00","8.00","8.00","8.00","8.00","8.00","8.00","8.00","8.00","8.00","","","","","","","","","","0.00","0.00","0.00","0.00","0.00","0.00","0.00","0.00","0.00"
"Montserrat (Desk study)","3.50","2.50","2.50","2.50","2.50","2.50","2.50","2.50","2.50","0.00","0.00","0.00","0.00","0.00","0.00","0.00","0.00","0.00","0.00","0.00","0.00","0.00","0.00","0.00","0.00","0.00","0.00","0.00","0.00","0.00","0.00","0.00","0.00","0.00","0.00","0.00","0.00","0.00","0.00","0.00","0.00","0.00","0.00","0.00","0.00"
"Morocco","5166.89","5162.24","5151.47","5107.59","5107.59","5107.59","5107.59","5107.59","5107.59","318.40","344.30","523.10","576.80","591.90","603.20","613.70","624.20","634.60","318.40","344.30","523.10","576.80","591.90","603.20","613.70","624.20","634.60","218.43","201.19","205.56","210.52","209.51","208.70","207.90","207.10","206.20","0.00","0.00","0.00","0.00","0.00","0.00","0.00","0.00","0.00"
"Mozambique","43340.00","41150.00","38917.50","37874.01","37562.30","37338.63","37154.16","36894.00","36669.49","38.00","38.00","54.64","65.99","65.99","67.97","70.01","72.11","74.27","38.00","38.00","54.64","65.99","65.99","67.97","70.01","72.11","74.27","38.00","38.00","54.64","65.99","65.99","67.97","70.01","72.11","74.27","0.00","0.00","0.00","0.00","0.00","0.00","","0.00","0.00"
"Myanmar","39187.30","34837.28","31134.92","29586.42","29284.52","28986.26","28696.72","28407.17","28117.63","30.70","30.72","305.24","406.02","418.38","427.09","427.09","427.09","427.09","30.70","30.72","305.24","406.02","418.38","427.09","427.09","427.09","427.09","","","","","","","","","","0.00","0.00","0.00","0.00","0.00","0.00","0.00","0.00","0.00"
"Namibia","8769.17","8059.08","7348.99","6993.95","6922.94","6851.93","6780.92","6709.91","6638.90","0.00","0.00","0.00","0.00","0.00","0.00","0.00","0.00","0.00","0.00","0.00","0.00","0.00","0.00","0.00","0.00","0.00","0.00","0.00","","0.00","0.00","0.00","0.00","0.00","0.00","0.00","0.00","0.00","0.00","0.00","0.00","0.00","0.00","0.00","0.00"
"Nauru (Desk study)","0.00","0.00","0.00","0.00","0.00","0.00","0.00","0.00","0.00","0.00","0.00","0.00","0.00","0.00","0.00","0.00","0.00","0.00","0.00","0.00","0.00","0.00","0.00","0.00","0.00","0.00","0.00","0.00","0.00","0.00","0.00","0.00","0.00","0.00","0.00","0.00","0.00","0.00","0.00","0.00","0.00","0.00","0.00","0.00","0.00"
"Nepal","5584.08","5643.09","5741.43","5741.43","5741.43","5741.43","5741.43","5741.43","5741.43","87.92","137.67","220.60","220.60","220.60","220.60","220.60","220.60","220.60","87.92","137.67","220.60","220.60","220.60","220.60","220.60","220.60","220.60","17.58","27.53","44.12","44.12","44.12","44.12","44.12","44.12","44.12","0.00","0.00","0.00","0.00","0.00","0.00","0.00","0.00","0.00"
"Netherlands","49.95","45.94","40.87","39.93","39.52","39.12","38.72","38.32","37.92","295.38","313.56","332.61","324.90","326.24","327.58","328.91","330.25","331.58","31.00","4.00","4.00","3.00","3.00","3.00","3.00","3.00","3.00","0.00","0.00","0.00","0.00","0.00","0.00","0.00","0.00","0.00","264.38","309.56","328.61","321.90","323.24","324.58","325.91","327.25","328.58"
"New Caledonia (Desk study)","822.09","828.01","829.24","828.63","828.13","828.03","827.93","827.83","827.73","9.04","9.84","10.39","10.39","10.39","10.39","10.39","10.39","10.39","9.04","9.84","10.39","10.39","10.39","10.39","10.39","10.39","10.39","9.00","9.40","9.76","9.76","9.76","9.76","9.76","9.76","9.76","0.00","0.00","0.00","0.00","0.00","0.00","0.00","0.00","0.00"
"New Zealand","7841.16","7825.32","7823.80","7821.51","7820.90","7803.22","7802.54","7803.52","7808.10","1531.12","2025.12","2024.32","2025.10","2025.86","2047.63","2052.61","2062.00","2084.48","1531.12","2025.12","2024.32","2025.10","2025.86","2047.63","2052.61","2062.00","2084.48","1531.12","2025.12","2024.32","2025.10","2025.86","2047.63","2052.61","2062.00","2084.48","0.00","0.00","0.00","0.00","0.00","0.00","0.00","0.00","0.00"
"Nicaragua","6399.03","5397.06","4172.19","3866.42","3761.39","3656.36","3551.33","3446.30","3341.27","0.29","2.26","15.96","41.11","46.14","51.17","56.20","61.23","66.26","0.29","2.26","15.96","41.11","46.14","51.17","56.20","61.23","66.26","0.00","0.23","1.16","4.25","4.87","5.49","6.11","6.73","7.35","0.00","0.00","0.00","0.00","0.00","0.00","0.00","0.00","0.00"
"Niger","1897.00","1255.10","1105.90","1031.80","1016.88","1001.96","987.04","972.12","957.20","48.00","73.00","98.00","110.00","112.50","115.00","117.50","120.00","122.50","48.00","73.00","98.00","110.00","112.50","115.00","117.50","120.00","122.50","","","","","","","","","","0.00","0.00","0.00","0.00","0.00","0.00","0.00","0.00","0.00"
"Nigeria","26260.30","24644.11","23027.38","22219.02","22057.35","21895.68","21734.01","21572.35","21410.68","265.26","248.93","232.60","224.43","222.80","221.17","219.54","217.90","216.27","265.26","248.93","232.60","224.43","222.80","221.17","219.54","217.90","216.27","105.00","135.00","165.00","200.00","","","","","","0.00","0.00","0.00","0.00","0.00","0.00","0.00","0.00","0.00"
"Niue","18.93","18.83","18.77","18.82","18.83","18.84","18.85","18.86","18.87","0.01","0.01","0.01","0.01","0.01","0.01","0.01","0.01","0.01","0.01","0.01","0.01","0.01","0.01","0.01","0.01","0.01","0.01","0.01","0.01","0.01","0.01","0.01","0.01","0.01","0.01","0.01","0.00","0.00","0.00","0.00","0.00","0.00","0.00","0.00","0.00"
"Norfolk Island (Desk study)","0.44","0.44","0.44","0.44","0.44","0.44","0.44","0.44","0.44","0.05","0.05","0.05","0.05","0.05","0.05","0.05","0.05","0.05","0.05","0.05","0.05","0.05","0.05","0.05","0.05","0.05","0.05","","","","","","","","","","0.00","0.00","0.00","0.00","0.00","0.00","0.00","0.00","0.00"
"North Macedonia (Desk study)","","","","","","","","","","","","","","","","","","","","","","","","","","","","","","","","","","","","","","","","","","","","",""
"Northern Mariana Islands","33.61","31.96","30.32","29.49","24.36","24.36","24.36","24.36","24.36","0.00","0.00","0.00","0.00","0.00","0.00","0.00","0.00","0.00","0.00","0.00","0.00","0.00","0.00","0.00","0.00","0.00","0.00","0.00","0.00","0.00","0.00","0.00","0.00","0.00","0.00","0.00","0.00","0.00","0.00","0.00","0.00","0.00","0.00","0.00","0.00"
"Norway","","","11987.00","12033.00","12040.80","12048.60","12056.40","12064.20","12072.00","","","115.00","108.00","108.00","108.00","108.00","108.00","108.00","","","115.00","108.00","108.00","108.00","108.00","108.00","108.00","","","75.00","76.00","76.00","76.00","76.00","76.00","76.00","","","0.00","0.00","0.00","0.00","0.00","0.00","0.00"
"Oman","2.00","2.00","2.00","2.00","2.00","2.00","2.00","2.00","2.00","1.00","1.00","1.00","1.00","0.80","0.70","0.60","0.50","0.50","0.00","0.00","0.00","0.00","0.00","0.00","0.00","0.00","0.00","0.00","0.00","0.00","0.00","0.00","0.00","0.00","0.00","0.00","1.00","1.00","1.00","1.00","0.80","0.70","0.60","0.50","0.50"
"Pakistan","4732.89","4257.36","3839.83","3678.70","3614.34","3596.02","3554.68","3513.34","3472.00","253.90","253.90","253.90","253.90","253.90","253.90","253.90","253.90","253.90","253.90","253.90","253.90","253.90","253.90","253.90","253.90","253.90","253.90","","","","","","","","","","0.00","0.00","0.00","0.00","0.00","0.00","0.00","0.00","0.00"
"Palau","","","","","","","","","","","","","","","","","","","","","","","","","","","","","","","","","","","","","","","","","","","","",""
"Palestine (Desk study)","","","","","","","","","","","","","","","","","","","","","","","","","","","","","","","","","","","","","","","","","","","","",""
"Panama","4596.35","4409.34","4272.10","4209.53","4196.75","4184.03","4172.05","4160.07","4148.10","11.05","32.80","55.89","61.38","62.75","64.05","64.62","65.18","65.74","11.05","32.80","55.89","61.38","62.75","64.05","64.62","65.18","65.74","","","","","","","","","","0.00","0.00","0.00","0.00","0.00","0.00","0.00","0.00","0.00"
"Papua New Guinea","36339.49","36217.12","36117.92","35963.27","35929.69","35896.16","35862.63","35829.10","35795.57","60.75","60.75","60.75","60.75","60.75","60.75","60.75","60.75","60.75","60.75","60.75","60.75","60.75","60.75","60.75","60.75","60.75","60.75","23.55","23.55","23.55","23.55","23.55","23.55","23.55","23.55","23.55","0.00","0.00","0.00","0.00","0.00","0.00","0.00","0.00","0.00"
"Paraguay","25535.62","22961.13","19519.41","17400.41","17223.17","16818.89","16528.12","16237.37","15946.60","10.24","30.52","50.80","98.53","109.96","121.38","132.81","144.23","155.66","10.24","30.52","50.80","98.53","109.96","121.38","132.81","144.23","155.66","","","","","","","","","","0.00","0.00","0.00","0.00","0.00","0.00","0.00","0.00","0.00"
"Peru","76185.54","74582.74","73079.88","72137.36","71945.89","71765.01","71600.04","71420.97","71241.90","263.00","715.09","969.92","1057.17","1064.39","1069.77","1076.00","1082.23","1088.47","263.00","715.09","969.92","1057.17","1064.39","1069.77","1076.00","1082.23","1088.47","","","","","","","","","","0.00","0.00","0.00","0.00","0.00","0.00","0.00","0.00","0.00"
"Philippines","7488.19","6988.68","6489.16","6648.62","6680.51","6712.40","6744.29","6776.18","6808.07","290.62","320.59","350.55","365.54","368.53","371.53","374.53","377.52","380.52","290.62","320.59","350.55","365.54","368.53","371.53","374.53","377.52","380.52","261.56","288.53","315.50","328.98","331.68","334.38","337.08","339.77","342.47","0.00","0.00","0.00","0.00","0.00","0.00","0.00","0.00","0.00"
"Pitcairn (Desk study)","","","","","","","","","","","","","","","","","","","","","","","","","","","","","","","","","","","","","","","","","","","","",""
"Poland","","","","2054.00","","","","","","","","","7366.00","","","","","","","","","4.00","","","","","","","","","0.18","","","","","","","","","7362.00","","","","",""
"Portugal","1326.00","1013.00","1030.00","1056.00","1056.00","1056.00","1056.00","1056.00","1056.00","2073.00","2268.00","2222.00","2256.00","2256.00","2256.00","2256.00","2256.00","2256.00","574.00","623.00","680.00","695.00","695.00","695.00","695.00","695.00","695.00","574.00","623.00","680.00","695.00","695.00","695.00","695.00","695.00","695.00","1499.00","1645.00","1542.00","1561.00","1561.00","1561.00","1561.00","1561.00","1561.00"
"Puerto Rico","320.33","429.15","491.45","493.88","494.37","494.86","495.35","495.84","496.33","0.00","0.00","0.00","0.00","0.00","0.00","0.00","0.00","0.00","0.00","0.00","0.00","0.00","0.00","0.00","0.00","0.00","0.00","","0.00","0.00","0.00","0.00","0.00","0.00","0.00","0.00","0.00","0.00","0.00","0.00","0.00","0.00","0.00","0.00","0.00"
"Qatar (Desk study)","0.00","0.00","0.00","0.00","0.00","0.00","0.00","0.00","0.00","0.00","0.00","0.00","0.00","0.00","0.00","0.00","0.00","0.00","0.00","0.00","0.00","0.00","0.00","0.00","0.00","0.00","0.00","0.00","0.00","0.00","0.00","0.00","0.00","0.00","0.00","0.00","0.00","0.00","0.00","0.00","0.00","0.00","0.00","0.00","0.00"
"Republic of Korea","4641.81","4403.68","4151.55","4055.68","4047.28","4042.88","4036.48","4030.08","4023.68","1909.19","2072.32","2235.45","2281.32","2277.72","2274.12","2270.52","2266.92","2263.32","1909.19","2072.32","2235.45","2281.32","2277.72","2274.12","2270.52","2266.92","2263.32","507.00","550.41","593.74","606.83","604.80","604.01","603.19","602.66","601.06","0.00","0.00","0.00","0.00","0.00","0.00","0.00","0.00","0.00"
"Republic of Moldova","179.00","189.40","162.50","167.70","167.70","167.70","167.70","167.70","167.70","146.40","155.00","212.00","218.70","218.80","218.80","218.80","218.80","218.80","0.00","0.00","0.00","0.00","0.00","0.00","0.00","0.00","0.00","0.00","0.00","0.00","0.00","0.00","0.00","0.00","0.00","0.00","146.40","155.00","212.00","218.70","218.80","218.80","218.80","218.80","218.80"
"Réunion","77.25","80.27","83.29","85.34","85.82","86.30","86.78","87.26","87.74","10.70","10.70","10.70","10.70","10.70","10.70","10.70","10.70","10.70","9.70","9.70","9.70","9.70","9.70","9.70","9.70","9.70","9.70","7.70","7.70","7.70","7.70","7.70","7.70","7.70","7.70","7.70","1.00","1.00","1.00","1.00","1.00","1.00","1.00","1.00","1.00"
"Romania","5843.00","5838.00","5975.00","5944.47","6033.98","6033.98","6033.98","6033.98","6033.98","528.00","528.00","540.00","956.49","895.07","895.07","895.07","895.07","895.07","0.00","0.00","0.00","0.00","0.00","0.00","0.00","0.00","0.00","0.00","0.00","0.00","0.00","0.00","0.00","0.00","0.00","0.00","528.00","528.00","540.00","956.49","895.07","895.07","895.07","895.07","895.07"
"Russian Federation","796298.70","793908.10","795522.70","795089.50","795760.50","796431.50","796431.50","796431.50","796431.50","12651.20","15360.40","19612.90","19840.96","19360.53","18880.10","18880.10","18880.10","18880.10","0.00","0.00","0.00","0.00","0.00","0.00","0.00","0.00","0.00","0.00","0.00","0.00","0.00","0.00","0.00","0.00","0.00","0.00","12651.20","15360.40","19612.90","19840.96","19360.53","18880.10","18880.10","18880.10","18880.10"
"Rwanda (Desk study)","204.00","161.00","126.00","126.00","126.00","126.00","126.00","126.00","126.00","113.00","126.50","138.01","144.00","146.00","147.00","148.00","149.00","150.00","113.00","126.50","138.01","144.00","146.00","147.00","148.00","149.00","150.00","","","","","","","","","","0.00","0.00","0.00","0.00","0.00","0.00","0.00","0.00","0.00"
"Saint Barthélemy (Desk study)","0.17","0.17","0.17","0.17","0.17","0.17","0.17","0.17","0.17","0.00","0.00","0.00","0.00","0.00","0.00","0.00","0.00","0.00","0.00","0.00","0.00","0.00","0.00","0.00","0.00","0.00","0.00","0.00","0.00","0.00","0.00","0.00","0.00","0.00","0.00","0.00","0.00","0.00","0.00","0.00","0.00","0.00","0.00","0.00","0.00"
"Saint Helena (Desk study)","2.00","2.00","2.00","2.00","2.00","2.00","2.00","2.00","2.00","0.00","0.00","0.00","0.00","0.00","0.00","0.00","0.00","0.00","0.00","0.00","0.00","0.00","0.00","0.00","0.00","0.00","0.00","0.00","0.00","0.00","0.00","0.00","0.00","0.00","0.00","0.00","0.00","0.00","0.00","0.00","0.00","0.00","0.00","0.00","0.00"
"Saint Kitts and Nevis (Desk study)","","","","","","","","","","","","","","","","","","","","","","","","","","","","","","","","","","","","","","","","","","","","",""
"Saint Lucia","18.65","18.05","17.45","17.45","17.45","17.45","17.45","17.45","17.45","3.15","3.15","3.15","3.15","3.15","3.15","3.15","3.15","3.15","3.15","3.15","3.15","3.15","3.15","3.15","3.15","3.15","3.15","3.15","3.15","3.15","3.15","3.15","3.15","3.15","3.15","3.15","0.00","0.00","0.00","0.00","0.00","0.00","0.00","0.00","0.00"
"Saint Pierre and Miquelon (Desk study)","1.90","1.67","1.44","1.33","1.31","1.29","1.26","1.24","1.22","0.00","0.00","0.00","0.00","0.00","0.00","0.00","0.00","0.00","0.00","0.00","0.00","0.00","0.00","0.00","0.00","0.00","0.00","0.00","0.00","0.00","0.00","0.00","0.00","0.00","0.00","0.00","0.00","0.00","0.00","0.00","0.00","0.00","0.00","0.00","0.00"
"Saint Vincent and the Grenadines","27.50","28.59","28.35","28.28","28.26","28.24","28.24","28.24","28.24","0.04","0.11","0.19","0.26","0.28","0.30","0.30","0.30","0.30","0.01","0.05","0.10","0.15","0.16","0.17","0.17","0.17","0.17","0.01","0.05","0.10","0.15","0.16","0.17","0.17","0.17","0.17","0.03","0.06","0.09","0.11","0.12","0.13","0.13","0.13","0.13"
"Saint-Martin (French Part) (Desk study)","1.24","1.24","1.24","1.24","1.24","1.24","1.24","1.24","1.24","0.00","0.00","0.00","0.00","0.00","0.00","0.00","0.00","0.00","0.00","0.00","0.00","0.00","0.00","0.00","0.00","0.00","0.00","0.00","0.00","0.00","0.00","0.00","0.00","0.00","0.00","0.00","0.00","0.00","0.00","0.00","0.00","0.00","0.00","0.00","0.00"
"Samoa","170.99","166.21","161.43","159.05","158.58","158.11","157.64","157.17","156.70","5.13","5.09","5.05","5.04","5.04","5.04","5.04","5.04","5.04","2.94","3.41","3.89","4.13","4.18","4.23","4.28","4.33","4.38","","","","","","","","","","2.19","1.68","1.16","0.91","0.86","0.81","0.76","0.71","0.66"
"San Marino (Desk study)","1.00","1.00","1.00","1.00","1.00","1.00","1.00","1.00","1.00","0.00","0.00","0.00","0.00","0.00","0.00","0.00","0.00","0.00","0.00","0.00","0.00","0.00","0.00","0.00","0.00","0.00","0.00","0.00","0.00","0.00","0.00","0.00","0.00","0.00","0.00","0.00","0.00","0.00","0.00","0.00","0.00","0.00","0.00","0.00","0.00"
"Sao Tome and Principe","58.62","58.36","58.10","55.00","54.38","53.76","53.14","52.52","51.90","0.00","0.00","0.00","0.00","0.00","0.00","0.00","0.00","0.00","0.00","0.00","0.00","0.00","0.00","0.00","0.00","0.00","0.00","0.00","0.00","0.00","0.00","0.00","0.00","0.00","0.00","0.00","0.00","0.00","0.00","0.00","0.00","0.00","0.00","0.00","0.00"
"Saudi Arabia (Desk study)","977.00","977.00","977.00","977.00","977.00","977.00","977.00","977.00","977.00","0.00","0.00","0.00","0.00","0.00","0.00","0.00","0.00","0.00","0.00","0.00","0.00","0.00","0.00","0.00","0.00","0.00","0.00","0.00","0.00","0.00","0.00","0.00","0.00","0.00","0.00","0.00","0.00","0.00","0.00","0.00","0.00","0.00","0.00","0.00","0.00"
"Senegal","9271.16","8821.16","8436.16","8236.16","8196.16","8156.16","8116.16","8076.16","8036.16","32.00","32.00","32.00","32.00","32.00","32.00","32.00","32.00","32.00","32.00","32.00","32.00","32.00","32.00","32.00","32.00","32.00","32.00","","","","","","","","","","0.00","0.00","0.00","0.00","0.00","0.00","0.00","0.00","0.00"
"Serbia","2274.00","2421.00","2533.00","2505.00","2443.04","2570.41","2582.49","2594.63","2606.82","39.00","39.00","180.40","215.00","277.14","151.45","139.51","127.59","115.83","0.00","0.00","21.17","23.71","21.05","33.53","33.81","34.08","34.35","0.00","0.00","0.00","0.00","0.00","0.00","0.00","0.00","0.00","39.00","39.00","159.23","191.29","256.09","117.92","105.70","93.51","81.48"
"Seychelles","28.52","28.52","28.52","28.52","28.52","28.52","28.52","28.52","28.52","4.90","4.90","4.90","4.90","4.90","4.90","4.90","4.90","4.90","4.90","4.90","4.90","4.90","4.90","4.90","4.90","4.90","4.90","0.98","0.98","0.98","0.98","0.98","0.98","0.98","0.98","0.98","0.00","0.00","0.00","0.00","0.00","0.00","0.00","0.00","0.00"
"Sierra Leone","3120.02","2921.58","2717.58","2615.58","2595.18","2574.78","2554.37","2533.97","2513.57","6.68","7.85","14.58","17.95","18.62","19.29","19.97","20.64","21.31","6.68","7.85","14.58","17.95","18.62","19.29","19.97","20.64","21.31","2.67","3.14","5.25","6.46","6.70","6.94","7.19","7.43","7.67","0.00","0.00","0.00","0.00","0.00","0.00","0.00","0.00","0.00"
"Singapore","14.83","17.01","17.74","16.47","16.29","16.11","15.93","15.75","15.57","0.00","0.00","0.00","0.00","0.00","0.00","0.00","0.00","0.00","0.00","0.00","0.00","0.00","0.00","0.00","0.00","0.00","0.00","","","","","","","","","","0.00","0.00","0.00","0.00","0.00","0.00","0.00","0.00","0.00"
"Sint Maarten (Dutch part) (Desk study)","0.37","0.37","0.37","0.37","0.37","0.37","0.37","0.37","0.37","0.00","0.00","0.00","0.00","0.00","0.00","0.00","0.00","0.00","0.00","0.00","0.00","0.00","0.00","0.00","0.00","0.00","0.00","0.00","0.00","0.00","0.00","0.00","0.00","0.00","0.00","0.00","0.00","0.00","0.00","0.00","0.00","0.00","0.00","0.00","0.00"
"Slovakia","1163.69","1146.33","1176.71","1174.91","1176.14","1177.36","1177.36","1177.36","1177.36","738.79","755.08","741.20","746.84","747.23","748.54","748.54","748.54","748.54","0.00","0.88","8.79","8.68","8.56","8.45","8.45","8.45","8.45","0.00","0.88","8.79","8.68","8.56","8.45","8.45","8.45","8.45","738.79","754.20","732.41","738.16","738.67","740.09","740.09","740.09","740.09"
"Slovenia","1154.00","1185.10","1179.80","1203.11","1201.00","1198.32","1195.93","1194.53","1192.14","34.00","47.90","67.20","44.89","45.25","45.61","45.97","45.33","45.69","0.00","0.00","0.00","0.00","0.00","0.00","0.00","0.00","0.00","0.00","0.00","0.00","0.00","0.00","0.00","0.00","0.00","0.00","34.00","47.90","67.20","44.89","45.25","45.61","45.97","45.33","45.69"
"Solomon Islands","2503.00","2504.96","2503.63","2501.16","2500.67","2500.17","2499.68","2499.19","2498.70","41.04","32.64","26.65","25.46","25.22","24.99","24.75","24.51","24.27","39.89","31.82","25.90","24.55","24.28","24.01","23.74","23.47","23.20","39.89","31.82","25.90","24.55","24.28","24.01","23.74","23.47","23.20","1.15","0.82","0.75","0.91","0.94","0.98","1.01","1.04","1.07"
"Somalia","8279.50","7512.00","6744.50","6360.75","6284.00","6207.25","6130.50","6053.75","5977.00","3.00","3.00","3.00","3.00","3.00","3.00","3.00","3.00","3.00","3.00","3.00","3.00","3.00","3.00","3.00","3.00","3.00","3.00","0.00","0.00","0.00","0.00","0.00","0.00","0.00","0.00","0.00","0.00","0.00","0.00","0.00","0.00","0.00","0.00","0.00","0.00"
"South Africa","14998.47","14634.47","14270.47","14088.47","14052.07","14015.67","13979.27","13942.87","13906.47","3143.62","3143.62","3143.62","3143.62","3143.62","3143.62","3143.62","3143.62","3143.62","1270.00","1270.00","1270.00","1270.00","1270.00","1270.00","1270.00","1270.00","1270.00","1270.00","1270.00","1270.00","1270.00","1270.00","1270.00","1270.00","1270.00","1270.00","1873.62","1873.62","1873.62","1873.62","1873.62","1873.62","1873.62","1873.62","1873.62"
"South Sudan","6969.10","6969.10","6969.10","6969.10","6969.10","6969.10","6969.10","6969.10","6969.10","187.90","187.90","187.90","187.90","187.90","187.90","187.90","187.90","187.90","187.90","187.90","187.90","187.90","187.90","187.90","187.90","187.90","187.90","187.90","187.90","187.90","187.90","187.90","187.90","187.90","187.90","187.90","0.00","0.00","0.00","0.00","0.00","0.00","0.00","0.00","0.00"
"Spain","11959.48","14702.58","15948.85","15931.65","15971.49","15972.67","15975.81","15978.94","15982.08","1945.19","2391.34","2596.49","2619.53","2583.74","2586.64","2587.78","2588.94","2590.10","758.54","932.52","1015.00","1016.68","1014.76","1001.07","1002.14","1003.22","1004.30","700.67","861.37","938.12","939.36","937.45","923.75","924.67","925.58","926.50","1186.65","1458.82","1581.49","1602.85","1568.98","1585.57","1585.64","1585.72","1585.80"
"Sri Lanka","2093.50","1932.59","1897.80","1880.50","1877.04","1873.58","1870.13","1866.67","1863.21","256.83","233.83","205.82","248.32","248.62","248.92","249.21","249.51","249.81","256.83","233.83","205.82","248.32","248.62","248.92","249.21","249.51","249.81","","","","","","","","","","0.00","0.00","0.00","0.00","0.00","0.00","0.00","0.00","0.00"
"Sudan","23450.31","21701.16","19954.17","19079.93","18918.19","18746.03","18573.87","18401.71","18229.55","120.00","125.00","127.00","130.00","130.00","130.00","130.00","130.00","130.00","120.00","125.00","127.00","130.00","130.00","130.00","130.00","130.00","130.00","","","","","","","","","","0.00","0.00","0.00","0.00","0.00","0.00","0.00","0.00","0.00"
"Suriname","15364.63","15326.72","15285.71","15237.52","15226.17","15218.87","15206.63","15194.38","15182.14","13.00","14.15","14.15","14.15","14.15","14.15","14.15","14.15","14.15","13.00","13.00","13.00","13.00","13.00","13.00","13.00","13.00","13.00","7.00","7.00","7.00","7.00","7.00","7.00","7.00","7.00","7.00","0.00","1.15","1.15","1.15","1.15","1.15","1.15","1.15","1.15"
"Svalbard and Jan Mayen Islands","0.00","0.00","0.00","0.00","0.00","0.00","0.00","0.00","0.00","0.00","0.00","0.00","0.00","0.00","0.00","0.00","0.00","0.00","0.00","0.00","0.00","0.00","0.00","0.00","0.00","0.00","0.00","0.00","0.00","0.00","0.00","0.00","0.00","0.00","0.00","0.00","0.00","0.00","0.00","0.00","0.00","0.00","0.00","0.00","0.00"
"Sweden","19974.00","17845.00","15592.00","14754.00","14767.00","14588.00","14415.00","14241.00","14068.00","8089.00","10318.00","12481.00","13226.00","13213.00","13392.00","13565.00","13739.00","13912.00","","590.00","683.00","382.00","382.00","382.00","382.00","382.00","382.00","","70.00","105.00","63.00","63.00","63.00","63.00","63.00","63.00","8089.00","9728.00","11798.00","12844.00","12831.00","13010.00","13183.00","13357.00","13530.00"
"Switzerland","971.00","1024.29","1074.00","1097.00","1101.60","1106.19","1110.78","1115.37","1119.96","182.30","171.70","160.53","154.71","153.56","152.40","151.25","150.10","148.95","0.82","0.82","0.82","0.81","0.81","0.81","0.81","0.81","0.81","0.19","0.19","0.19","0.19","0.19","0.19","0.19","0.19","0.19","181.48","170.88","159.71","153.90","152.75","151.59","150.44","149.29","148.14"
"Syrian Arab Republic","223.28","259.28","295.68","325.68","325.68","322.68","319.68","316.68","310.68","148.80","172.80","196.40","196.40","196.40","199.40","202.40","205.40","211.40","148.80","172.80","196.40","196.40","196.40","199.40","202.40","205.40","211.40","","","","","","","","","","0.00","0.00","0.00","0.00","0.00","0.00","0.00","0.00","0.00"
"Tajikistan","295.39","296.84","296.84","305.38","305.38","305.52","305.86","306.20","306.54","112.61","113.16","113.16","116.42","116.42","116.46","116.11","116.76","117.41","77.60","77.98","77.98","80.23","80.23","80.26","80.40","80.54","80.68","11.94","12.00","12.00","12.35","12.35","12.36","12.54","12.72","12.90","35.01","35.18","35.18","36.19","36.19","36.20","35.71","36.22","36.73"
"Thailand","17641.00","17011.00","16831.00","16359.00","16348.00","16345.00","16342.00","16339.00","16336.00","1720.00","1987.00","3242.00","3702.00","3669.00","3636.00","3603.00","3570.00","3537.00","1720.00","1987.00","3242.00","3702.00","3669.00","3636.00","3603.00","3570.00","3537.00","1720.00","1987.00","3242.00","3702.00","3669.00","3636.00","3603.00","3570.00","3537.00","0.00","0.00","0.00","0.00","0.00","0.00","0.00","0.00","0.00"
"Timor-Leste","963.10","949.10","935.10","928.10","926.70","925.30","923.90","922.50","921.10","0.00","0.00","0.00","0.00","0.00","0.00","0.00","0.00","0.00","0.00","0.00","0.00","0.00","0.00","0.00","0.00","0.00","0.00","0.00","0.00","0.00","0.00","0.00","0.00","0.00","","","0.00","0.00","0.00","0.00","0.00","0.00","0.00","0.00","0.00"
"Togo","1340.99","1234.46","1191.54","1170.08","1165.79","1161.50","1157.21","1152.92","1148.63","20.67","34.00","47.33","54.00","55.34","56.68","58.02","59.36","60.70","16.54","27.20","37.86","43.20","44.27","45.34","46.41","47.48","48.55","","","","","","","","","","4.13","6.80","9.47","10.80","11.07","11.34","11.61","11.88","12.15"
"Tokelau (Desk study)","0.00","0.00","0.00","0.00","0.00","0.00","0.00","0.00","0.00","0.00","0.00","0.00","0.00","0.00","0.00","0.00","0.00","0.00","0.00","0.00","0.00","0.00","0.00","0.00","0.00","0.00","0.00","0.00","0.00","0.00","0.00","0.00","0.00","0.00","0.00","0.00","0.00","0.00","0.00","0.00","0.00","0.00","0.00","0.00","0.00"
"Tonga","7.95","7.95","7.95","7.95","7.95","7.95","7.95","7.95","7.95","1.00","1.00","1.00","1.00","1.00","1.00","1.00","1.00","1.00","1.00","1.00","1.00","1.00","1.00","1.00","1.00","1.00","1.00","1.00","1.00","1.00","1.00","1.00","1.00","1.00","1.00","1.00","0.00","0.00","0.00","0.00","0.00","0.00","0.00","0.00","0.00"
"Trinidad and Tobago","158.68","155.95","150.90","149.59","149.17","148.75","148.33","147.91","147.49","83.38","80.70","80.70","80.70","80.70","80.70","80.70","80.70","80.70","60.00","60.00","60.00","60.00","60.00","60.00","60.00","60.00","60.00","60.00","60.00","60.00","60.00","60.00","60.00","60.00","60.00","60.00","23.38","20.70","20.70","20.70","20.70","20.70","20.70","20.70","20.70"
"Tunisia","491.06","490.65","489.71","488.99","488.84","488.70","488.56","488.42","488.28","152.92","177.20","197.72","206.09","207.76","209.44","211.12","212.80","214.48","50.49","58.64","65.68","68.63","69.22","69.81","70.40","70.99","71.58","35.06","40.80","45.84","48.00","48.43","48.87","49.31","49.75","50.19","102.43","118.56","132.04","137.46","138.54","139.63","140.72","141.81","142.90"
"Turkey","19237.50","19592.65","20461.07","20932.19","20929.21","21049.76","21200.71","21351.90","21503.02","545.98","555.70","622.01","698.11","701.09","702.70","707.65","712.46","717.34","545.98","555.70","622.01","698.11","701.09","702.70","707.65","712.46","717.34","18.05","19.90","38.78","52.65","69.64","64.07","45.64","64.96","65.41","0.00","0.00","0.00","0.00","0.00","0.00","0.00","0.00","0.00"
"Turkmenistan (Desk study)","4127.00","4127.00","4127.00","4127.00","4127.00","4127.00","4127.00","4127.00","4127.00","0.00","0.00","0.00","0.00","0.00","0.00","0.00","0.00","0.00","0.00","0.00","0.00","0.00","0.00","0.00","0.00","0.00","0.00","0.00","0.00","0.00","0.00","0.00","0.00","0.00","0.00","0.00","0.00","0.00","0.00","0.00","0.00","0.00","0.00","0.00","0.00"
"Turks and Caicos Islands (Desk study)","10.52","10.52","10.52","10.52","10.52","10.52","10.52","10.52","10.52","0.00","0.00","0.00","0.00","0.00","0.00","0.00","0.00","0.00","0.00","0.00","0.00","0.00","0.00","0.00","0.00","0.00","0.00","0.00","0.00","0.00","0.00","0.00","0.00","0.00","0.00","0.00","0.00","0.00","0.00","0.00","0.00","0.00","0.00","0.00","0.00"
"Tuvalu","1.00","1.00","1.00","1.00","1.00","1.00","1.00","1.00","1.00","0.00","0.00","0.00","0.00","0.00","0.00","0.00","0.00","0.00","0.00","0.00","0.00","0.00","0.00","0.00","0.00","0.00","0.00","0.00","0.00","0.00","0.00","0.00","0.00","0.00","0.00","0.00","0.00","0.00","0.00","0.00","0.00","0.00","0.00","0.00","0.00"
"Uganda","3405.50","2894.58","2383.66","2128.21","2077.11","2026.02","1974.93","1923.84","1872.75","169.97","268.36","366.76","415.96","425.80","435.64","445.48","455.32","465.16","169.97","268.36","366.76","415.96","425.80","435.64","445.48","455.32","465.16","","","","","","","","","","0.00","0.00","0.00","0.00","0.00","0.00","0.00","0.00","0.00"
"Ukraine","4707.00","4815.00","4731.00","4785.00","4815.00","4820.00","4825.00","4836.00","4842.00","4567.00","4695.00","4817.00","4872.00","4849.00","4851.00","4853.00","4848.00","4848.00","303.00","331.00","343.00","368.00","368.00","368.00","368.00","368.00","370.00","","","","","","","","","","4264.00","4364.00","4474.00","4504.00","4481.00","4483.00","4485.00","4480.00","4478.00"
"United Arab Emirates (Desk study)","","","","","","","","","","","","","","","","","","","","","","","","","","","","","","","","","","","","","","","","","","","","",""
"United Kingdom of Great Britain and Northern Ireland","344.00","344.00","344.00","344.00","344.00","344.00","344.00","344.00","344.00","2434.00","2610.00","2715.00","2811.00","2815.00","2820.00","2829.00","2838.00","2846.00","0.00","0.00","0.00","0.00","0.00","0.00","0.00","0.00","0.00","0.00","0.00","0.00","0.00","0.00","0.00","0.00","0.00","0.00","2434.00","2610.00","2715.00","2811.00","2815.00","2820.00","2829.00","2838.00","2846.00"
"United Republic of Tanzania","56836.97","53116.97","49396.97","47536.97","47067.97","46598.97","46129.97","45660.97","45191.97","553.04","553.04","553.04","553.04","553.04","553.04","553.04","553.04","553.04","553.04","553.04","553.04","553.04","553.04","553.04","553.04","553.04","553.04","553.04","553.04","553.04","553.04","553.04","553.04","553.04","553.04","553.04","0.00","0.00","0.00","0.00","0.00","0.00","0.00","0.00","0.00"
"United States of America","284512.00","280976.00","283156.00","283731.00","283731.00","282274.00","282274.00","282274.00","282274.00","17938.00","22560.00","25564.00","26364.00","26364.00","27521.00","27521.00","27521.00","27521.00","6090.00","8722.00","12601.00","13144.00","13144.00","14029.00","14029.00","14029.00","14029.00","308.00","388.00","440.00","359.00","359.00","268.00","268.00","268.00","268.00","11848.00","13838.00","12963.00","13220.00","13220.00","13492.00","13492.00","13492.00","13492.00"
"United States Virgin Islands","24.54","20.47","18.43","19.16","19.31","19.46","19.61","19.76","19.91","0.00","0.00","0.00","0.00","0.00","0.00","0.00","0.00","0.00","0.00","0.00","0.00","0.00","0.00","0.00","0.00","0.00","0.00","0.00","0.00","0.00","0.00","0.00","0.00","0.00","0.00","0.00","0.00","0.00","0.00","0.00","0.00","0.00","0.00","0.00","0.00"
"Uruguay","597.00","740.00","752.20","849.00","849.00","849.00","849.00","849.00","849.00","201.00","629.00","979.10","1071.00","1098.00","1119.00","1140.00","1161.00","1182.00","201.00","629.00","979.10","1071.00","1098.00","1119.00","1140.00","1161.00","1182.00","201.00","629.00","979.10","1071.00","1098.00","1119.00","1140.00","1161.00","1182.00","0.00","0.00","0.00","0.00","0.00","0.00","0.00","0.00","0.00"
"Uzbekistan","1356.26","1416.42","1497.33","1393.40","1403.90","1408.67","1413.44","1418.21","1422.98","1193.11","1545.04","1852.27","2156.00","2182.40","2203.47","2224.54","2245.61","2266.68","616.82","975.57","1307.79","1598.64","1620.84","1580.24","1539.64","1499.04","1458.44","6.17","9.76","13.08","15.99","16.21","15.80","15.39","14.98","14.57","576.29","569.47","544.48","557.36","561.56","623.23","684.90","746.57","808.24"
"Vanuatu","","","","","","","","","","","","","","","","","","","","","","","","","","","","","","","","","","","","","","","","","","","","",""
"Venezuela (Bolivarian Republic of)","51600.01","48411.44","46515.78","45329.41","45188.75","45072.75","44981.43","44914.76","44872.75","425.99","739.56","989.22","1353.59","1354.51","1355.43","1356.33","1357.24","1358.15","420.99","663.68","870.41","1234.77","1235.39","1236.01","1236.61","1237.22","1237.83","420.99","663.68","870.41","1234.77","1235.39","1236.01","1236.61","1237.22","1237.83","5.00","75.88","118.81","118.82","119.12","119.42","119.72","120.02","120.32"
"Viet Nam","8630.96","9864.53","10304.80","10175.53","10242.14","10236.42","10255.52","10274.62","10293.72","745.00","1919.57","3083.26","3886.33","4135.54","4178.97","4235.77","4292.57","4349.37","745.00","1919.57","3083.26","3886.33","4135.54","4178.97","4235.77","4292.57","4349.37","","","","","","","","","","0.00","0.00","0.00","0.00","0.00","0.00","0.00","0.00","0.00"
"Wallis and Futuna Islands (Desk study)","5.59","5.42","5.25","5.16","5.16","5.16","5.16","5.16","5.16","0.20","0.37","0.54","0.63","0.63","0.63","0.63","0.63","0.63","0.20","0.37","0.54","0.63","0.63","0.63","0.63","0.63","0.63","0.12","0.28","0.45","0.49","0.49","0.49","0.49","0.49","0.49","0.00","0.00","0.00","0.00","0.00","0.00","0.00","0.00","0.00"
"Western Sahara (Desk study)","665.10","669.31","665.11","664.70","665.11","664.70","665.14","665.05","665.07","0.00","0.00","0.00","0.00","0.00","0.00","0.00","0.00","0.00","0.00","0.00","0.00","0.00","0.00","0.00","0.00","0.00","0.00","0.00","0.00","0.00","0.00","0.00","0.00","0.00","0.00","0.00","0.00","0.00","0.00","0.00","0.00","0.00","0.00","0.00","0.00"
"Yemen","549.00","549.00","549.00","549.00","549.00","549.00","549.00","549.00","549.00","0.00","0.00","0.00","0.00","0.00","0.00","0.00","0.00","0.00","0.00","0.00","0.00","0.00","0.00","0.00","0.00","0.00","0.00","0.00","0.00","0.00","0.00","0.00","0.00","0.00","0.00","0.00","0.00","0.00","0.00","0.00","0.00","0.00","0.00","0.00","0.00"
"Zambia","47355.00","46999.00","46641.53","45701.76","45513.99","45326.22","45137.45","44949.68","44761.91","57.00","55.00","54.47","53.24","53.01","52.78","52.55","52.32","52.09","57.00","55.00","53.37","49.38","48.59","47.80","47.01","46.22","45.43","57.00","55.00","53.37","49.38","48.59","47.80","47.01","46.22","45.43","0.00","0.00","1.10","3.86","4.42","4.98","5.54","6.10","6.66"
"Zimbabwe","18672.68","18245.98","17797.28","17566.93","17520.86","17474.79","17428.72","17382.65","17336.58","154.00","120.00","108.00","108.00","108.00","108.00","108.00","108.00","108.00","154.00","120.00","108.00","108.00","108.00","108.00","108.00","108.00","108.00","154.00","120.00","108.00","108.00","108.00","108.00","108.00","108.00","108.00","0.00","0.00","0.00","0.00","0.00","0.00","0.00","0.00","0.00"
"© FRA 2022","","","","","","","","","","","","","","","","","","","","","","","","","","","","","","","","","","","","","","","","","","","","",""
"2022-01-07","","","","","","","","","","","","","","","","","","","","","","","","","","","","","","","","","","","","","","","","","","","","",""