,Entity,Code,Year,Net_traded_Deforestation
0,Afghanistan,AFG,2005,356.6246693651805
1,Afghanistan,AFG,2006,102.6464757317968
2,Afghanistan,AFG,2007,156.67704024331698
3,Afghanistan,AFG,2008,270.48644663160246
4,Afghanistan,AFG,2009,583.7729544845712
5,Afghanistan,AFG,2010,1132.6910257886716
6,Afghanistan,AFG,2011,663.5228874411983
7,Afghanistan,AFG,2012,687.7361328842524
8,Afghanistan,AFG,2013,652.5711055251784
9,Albania,ALB,2005,1185.5533534199276
10,Albania,ALB,2006,1192.7558998361576
11,Albania,ALB,2007,1531.7300706798744
12,Albania,ALB,2008,1189.1510915920544
13,Albania,ALB,2009,674.4554302094248
14,Albania,ALB,2010,512.1313540117171
15,Albania,ALB,2011,346.0120941842915
16,Albania,ALB,2012,352.01699986035965
17,Albania,ALB,2013,266.499757225104
18,Algeria,DZA,2005,17239.677663456114
19,Algeria,DZA,2006,15142.862547312174
20,Algeria,DZA,2007,14098.74361990599
21,Algeria,DZA,2008,15064.945573936751
22,Algeria,DZA,2009,18038.98023391339
23,Algeria,DZA,2010,14782.037738591474
24,Algeria,DZA,2011,16726.094778202816
25,Algeria,DZA,2012,20073.43705429172
26,Algeria,DZA,2013,17950.332797702176
27,Angola,AGO,2005,3863.5465605495274
28,Angola,AGO,2006,5713.716229579921
29,Angola,AGO,2007,6735.064104382793
30,Angola,AGO,2008,9256.01592010836
31,Angola,AGO,2009,5571.552175441189
32,Angola,AGO,2010,4178.190915633371
33,Angola,AGO,2011,5272.762214577699
34,Angola,AGO,2012,6173.493391496886
35,Angola,AGO,2013,5791.469391056773
36,Argentina,ARG,2005,-132792.12698599623
37,Argentina,ARG,2006,-138406.47622735897
38,Argentina,ARG,2007,-130740.6388239275
39,Argentina,ARG,2008,-140158.1874293388
40,Argentina,ARG,2009,-173970.37799903375
41,Argentina,ARG,2010,-152541.78768088884
42,Argentina,ARG,2011,-198106.64930250077
43,Argentina,ARG,2012,-248202.9460188703
44,Argentina,ARG,2013,-163833.48598738338
45,Armenia,ARM,2005,392.20574232820974
46,Armenia,ARM,2006,336.86866525670496
47,Armenia,ARM,2007,350.66497271095466
48,Armenia,ARM,2008,421.25692049559177
49,Armenia,ARM,2009,370.1691930382012
50,Armenia,ARM,2010,513.5747353421419
51,Armenia,ARM,2011,384.0458332399735
52,Armenia,ARM,2012,385.74720813413273
53,Armenia,ARM,2013,433.9042765736386
54,Aruba,ABW,2005,945.5230016467336
55,Aruba,ABW,2006,930.289564243816
56,Aruba,ABW,2007,733.3348643722943
57,Aruba,ABW,2008,819.2302295396174
58,Aruba,ABW,2009,247.85487066203257
59,Aruba,ABW,2010,224.03141384201447
60,Aruba,ABW,2011,148.55131235975176
61,Aruba,ABW,2012,146.98547463782222
62,Aruba,ABW,2013,137.89598724919168
63,Australia,AUS,2005,-31662.449018521096
64,Australia,AUS,2006,-28580.970258986978
65,Australia,AUS,2007,-20445.08179893614
66,Australia,AUS,2008,-9997.944998526064
67,Australia,AUS,2009,-11911.745983730034
68,Australia,AUS,2010,-15258.97102230502
69,Australia,AUS,2011,-12292.851164238422
70,Australia,AUS,2012,-10031.455414948216
71,Australia,AUS,2013,-33257.59509830948
72,Austria,AUT,2005,3249.590435925199
73,Austria,AUT,2006,3189.1081311816138
74,Austria,AUT,2007,3124.47690808923
75,Austria,AUT,2008,2825.24750889466
76,Austria,AUT,2009,2996.258703601298
77,Austria,AUT,2010,2908.5189438873144
78,Austria,AUT,2011,3078.8971968295195
79,Austria,AUT,2012,2973.2592103286865
80,Austria,AUT,2013,2419.815321901436
81,Azerbaijan,AZE,2005,506.9372207491136
82,Azerbaijan,AZE,2006,565.5611193200065
83,Azerbaijan,AZE,2007,633.0649266170088
84,Azerbaijan,AZE,2008,733.2650190154353
85,Azerbaijan,AZE,2009,719.523197000162
86,Azerbaijan,AZE,2010,729.0495624922095
87,Azerbaijan,AZE,2011,761.2058639278591
88,Azerbaijan,AZE,2012,1084.604940867554
89,Azerbaijan,AZE,2013,903.3685955874996
90,Bahamas,BHS,2005,150.15736740233362
91,Bahamas,BHS,2006,82.48117009638136
92,Bahamas,BHS,2007,120.7914067626192
93,Bahamas,BHS,2008,82.8964304629489
94,Bahamas,BHS,2009,123.18015608136048
95,Bahamas,BHS,2010,129.75353411914836
96,Bahamas,BHS,2011,133.4948488735901
97,Bahamas,BHS,2012,190.41770572716575
98,Bahamas,BHS,2013,148.01215678148782
99,Bahrain,BHR,2005,537.082093268796
100,Bahrain,BHR,2006,484.15357396891824
101,Bahrain,BHR,2007,487.6440798037008
102,Bahrain,BHR,2008,408.0077854089194
103,Bahrain,BHR,2009,490.92598594549736
104,Bahrain,BHR,2010,1559.5505155840424
105,Bahrain,BHR,2011,889.320076310925
106,Bahrain,BHR,2012,970.2994831285351
107,Bahrain,BHR,2013,755.1940543340071
108,Bangladesh,BGD,2005,7350.980885306231
109,Bangladesh,BGD,2006,15564.53976393033
110,Bangladesh,BGD,2007,21543.28328436788
111,Bangladesh,BGD,2008,11524.335758070469
112,Bangladesh,BGD,2009,18150.60745664291
113,Bangladesh,BGD,2010,16526.292840401213
114,Bangladesh,BGD,2011,19286.037160680185
115,Bangladesh,BGD,2012,17000.351119431678
116,Bangladesh,BGD,2013,15254.353532863046
117,Barbados,BRB,2005,154.86964698078185
118,Barbados,BRB,2006,118.5047238040591
119,Barbados,BRB,2007,158.20516316399295
120,Barbados,BRB,2008,120.26802412466834
121,Barbados,BRB,2009,154.84286436842882
122,Barbados,BRB,2010,141.13482560489464
123,Barbados,BRB,2011,197.640589583744
124,Barbados,BRB,2012,112.16089080270947
125,Barbados,BRB,2013,155.30013989821393
126,Belarus,BLR,2005,897.0999102038485
127,Belarus,BLR,2006,1041.260443768123
128,Belarus,BLR,2007,812.6171200315501
129,Belarus,BLR,2008,1015.1251065876716
130,Belarus,BLR,2009,1078.2592240400238
131,Belarus,BLR,2010,965.3895528824098
132,Belarus,BLR,2011,1293.240316656072
133,Belarus,BLR,2012,1719.3441451542033
134,Belarus,BLR,2013,1062.036103906374
135,Belgium,BEL,2005,12588.616692041902
136,Belgium,BEL,2006,15538.825245090842
137,Belgium,BEL,2007,13476.1546803797
138,Belgium,BEL,2008,13660.343421195355
139,Belgium,BEL,2009,14655.204786694025
140,Belgium,BEL,2010,11481.467259347151
141,Belgium,BEL,2011,11437.457491538667
142,Belgium,BEL,2012,10251.305417852986
143,Belgium,BEL,2013,8520.40599977923
144,Belize,BLZ,2005,-101.18501016896003
145,Belize,BLZ,2006,2.360214729236816
146,Belize,BLZ,2007,36.58147554111224
147,Belize,BLZ,2008,-92.40056718431411
148,Belize,BLZ,2009,-84.67613170095512
149,Belize,BLZ,2010,-241.6195939843076
150,Belize,BLZ,2011,-347.68230363326074
151,Belize,BLZ,2012,-417.870476404428
152,Belize,BLZ,2013,-334.9312134979548
153,Benin,BEN,2005,145.05747746472753
154,Benin,BEN,2006,1133.2685789072975
155,Benin,BEN,2007,1188.0722524699768
156,Benin,BEN,2008,1680.9260771697343
157,Benin,BEN,2009,1288.2970251157394
158,Benin,BEN,2010,933.5392468342544
159,Benin,BEN,2011,2531.96932879864
160,Benin,BEN,2012,554.1518641067964
161,Benin,BEN,2013,471.9727792321573
162,Bermuda,BMU,2005,48.13399357728148
163,Bermuda,BMU,2006,42.08651838891179
164,Bermuda,BMU,2007,30.410989862161337
165,Bermuda,BMU,2008,24.458130278476933
166,Bermuda,BMU,2009,20.234669614114456
167,Bermuda,BMU,2010,19.97422417106444
168,Bermuda,BMU,2011,14.730552020380609
169,Bermuda,BMU,2012,14.334305986870255
170,Bermuda,BMU,2013,16.248051428864517
171,Bhutan,BTN,2005,0.8112317184047697
172,Bhutan,BTN,2006,0.3546713401923398
173,Bhutan,BTN,2007,2.720571348018325
174,Bhutan,BTN,2008,7.366165771671717
175,Bhutan,BTN,2009,8.003740219524389
176,Bhutan,BTN,2010,22.65616907578521
177,Bhutan,BTN,2011,11.789874594400658
178,Bhutan,BTN,2012,23.20239569624431
179,Bhutan,BTN,2013,3.8421008294910735
180,Bosnia and Herzegovina,BIH,2005,835.4043657458707
181,Bosnia and Herzegovina,BIH,2006,1034.2814581774342
182,Bosnia and Herzegovina,BIH,2007,927.4697520673238
183,Bosnia and Herzegovina,BIH,2008,888.0966309760327
184,Bosnia and Herzegovina,BIH,2009,706.1314863358123
185,Bosnia and Herzegovina,BIH,2010,561.1491182849487
186,Bosnia and Herzegovina,BIH,2011,481.3237411861324
187,Bosnia and Herzegovina,BIH,2012,551.6481902118034
188,Bosnia and Herzegovina,BIH,2013,533.1941440209536
189,Botswana,BWA,2005,2.4345447517444114
190,Botswana,BWA,2006,26.81745529757994
191,Botswana,BWA,2007,355.4899395069313
192,Botswana,BWA,2008,317.35382542697363
193,Botswana,BWA,2009,518.1113267976992
194,Botswana,BWA,2010,729.5391387415025
195,Botswana,BWA,2011,423.1259251160439
196,Botswana,BWA,2012,1225.3033518740124
197,Botswana,BWA,2013,954.2185153865008
198,Brazil,BRA,2005,-490102.685177424
199,Brazil,BRA,2006,-447555.8736959181
200,Brazil,BRA,2007,-367228.614043216
201,Brazil,BRA,2008,-249158.06227307604
202,Brazil,BRA,2009,-193571.99998918732
203,Brazil,BRA,2010,-216446.52591232237
204,Brazil,BRA,2011,-221182.0428120338
205,Brazil,BRA,2012,-300611.9940675446
206,Brazil,BRA,2013,-329112.99874438066
207,Brunei,BRN,2005,-77.9410464425415
208,Brunei,BRN,2006,99.24300124988928
209,Brunei,BRN,2007,-360.5443357868885
210,Brunei,BRN,2008,80.06216633172221
211,Brunei,BRN,2009,104.76442630636996
212,Brunei,BRN,2010,134.45174040648988
213,Brunei,BRN,2011,164.9779942095613
214,Brunei,BRN,2012,214.25824788898933
215,Brunei,BRN,2013,240.30952776352365
216,Bulgaria,BGR,2005,9578.184352500182
217,Bulgaria,BGR,2006,10710.997790877427
218,Bulgaria,BGR,2007,1363.9428158036278
219,Bulgaria,BGR,2008,1401.0656743337374
220,Bulgaria,BGR,2009,1651.106294732525
221,Bulgaria,BGR,2010,1455.3684041551248
222,Bulgaria,BGR,2011,1476.3830061993588
223,Bulgaria,BGR,2012,1481.1377273225226
224,Bulgaria,BGR,2013,1423.7521503901348
225,Burkina Faso,BFA,2005,147.45587359047363
226,Burkina Faso,BFA,2006,188.12844028746207
227,Burkina Faso,BFA,2007,171.0079163725848
228,Burkina Faso,BFA,2008,130.47285022942023
229,Burkina Faso,BFA,2009,609.3021917910625
230,Burkina Faso,BFA,2010,521.0733667085123
231,Burkina Faso,BFA,2011,581.1435755907581
232,Burkina Faso,BFA,2012,460.7926218548953
233,Burkina Faso,BFA,2013,609.3316007631956
234,Burundi,BDI,2005,45.11959099667445
235,Burundi,BDI,2006,137.67580050802644
236,Burundi,BDI,2007,162.19256166457967
237,Burundi,BDI,2008,95.96091136015411
238,Burundi,BDI,2009,53.528385846371975
239,Burundi,BDI,2010,121.57954486198923
240,Burundi,BDI,2011,103.18298176604615
241,Burundi,BDI,2012,510.3270182886665
242,Burundi,BDI,2013,214.15436556360717
243,Cambodia,KHM,2005,292.0745146947811
244,Cambodia,KHM,2006,457.0806251560716
245,Cambodia,KHM,2007,469.8645259249315
246,Cambodia,KHM,2008,-223.9960931696114
247,Cambodia,KHM,2009,-553.6565712121483
248,Cambodia,KHM,2010,-721.0738348898703
249,Cambodia,KHM,2011,-709.2020426257404
250,Cambodia,KHM,2012,-1951.6016806203731
251,Cambodia,KHM,2013,-732.9837968066859
252,Cameroon,CMR,2005,-910.4729926955752
253,Cameroon,CMR,2006,-1465.5855413139434
254,Cameroon,CMR,2007,-1675.4964206574914
255,Cameroon,CMR,2008,-1537.04168168467
256,Cameroon,CMR,2009,-1461.3802358960238
257,Cameroon,CMR,2010,-2101.0266567465515
258,Cameroon,CMR,2011,-1747.159894294433
259,Cameroon,CMR,2012,-1051.8721615851755
260,Cameroon,CMR,2013,-335.6354398275944
261,Canada,CAN,2005,5387.216305163992
262,Canada,CAN,2006,5533.022948961417
263,Canada,CAN,2007,6331.469014438771
264,Canada,CAN,2008,5030.494172099739
265,Canada,CAN,2009,5503.007116610943
266,Canada,CAN,2010,6050.570249285576
267,Canada,CAN,2011,5542.45849958118
268,Canada,CAN,2012,5744.721993414849
269,Canada,CAN,2013,5401.245027811636
270,Cape Verde,CPV,2005,169.22093409576277
271,Cape Verde,CPV,2006,224.55879563911395
272,Cape Verde,CPV,2007,234.88057120818317
273,Cape Verde,CPV,2008,230.85391778273956
274,Cape Verde,CPV,2009,192.1515738640043
275,Cape Verde,CPV,2010,201.1332243283056
276,Cape Verde,CPV,2011,206.3166554570149
277,Cape Verde,CPV,2012,225.2958451440197
278,Cape Verde,CPV,2013,279.15633031983765
279,Cayman Islands,CYM,2005,5123.366656466503
280,Cayman Islands,CYM,2006,6627.429200334626
281,Cayman Islands,CYM,2007,4493.96286534038
282,Cayman Islands,CYM,2008,743.636878186115
283,Cayman Islands,CYM,2009,1747.079022296159
284,Cayman Islands,CYM,2010,25.41865991569353
285,Cayman Islands,CYM,2011,45.87063517438265
286,Cayman Islands,CYM,2012,217.78160134625747
287,Cayman Islands,CYM,2013,35.20645052364823
288,Central African Republic,CAF,2005,21.300416107085766
289,Central African Republic,CAF,2006,-3.405810129523161
290,Central African Republic,CAF,2007,-225.61445267346156
291,Central African Republic,CAF,2008,-177.53228271724038
292,Central African Republic,CAF,2009,31.13922845449269
293,Central African Republic,CAF,2010,0.7980741706905974
294,Central African Republic,CAF,2011,-150.54119109118665
295,Central African Republic,CAF,2012,-96.75650783237823
296,Central African Republic,CAF,2013,-88.46050934509503
297,Chad,TCD,2005,23.27539023393183
298,Chad,TCD,2006,5.595792485992206
299,Chad,TCD,2007,14.352729207970242
300,Chad,TCD,2008,14.903830669284616
301,Chad,TCD,2009,73.54301571620272
302,Chad,TCD,2010,159.23435709432215
303,Chad,TCD,2011,-6.139722346264534
304,Chad,TCD,2012,-12.311782388638676
305,Chad,TCD,2013,-6.682348948118488
306,Chile,CHL,2005,24507.61878068962
307,Chile,CHL,2006,19376.443497283217
308,Chile,CHL,2007,36449.636977112
309,Chile,CHL,2008,33276.223681592
310,Chile,CHL,2009,37190.15251931227
311,Chile,CHL,2010,31897.148720356283
312,Chile,CHL,2011,27696.423339328885
313,Chile,CHL,2012,25361.67638994884
314,Chile,CHL,2013,26662.602775021704
315,China,CHN,2005,149357.91818933285
316,China,CHN,2006,171139.46372269062
317,China,CHN,2007,154436.96259728135
318,China,CHN,2008,150654.10159678847
319,China,CHN,2009,188946.85510863992
320,China,CHN,2010,215512.2609176964
321,China,CHN,2011,220344.3150551685
322,China,CHN,2012,276111.3234392081
323,China,CHN,2013,270174.0556825453
324,Colombia,COL,2005,7598.470796690381
325,Colombia,COL,2006,4567.15366062519
326,Colombia,COL,2007,-1346.9322337335907
327,Colombia,COL,2008,-9464.127859002663
328,Colombia,COL,2009,2472.8568591198127
329,Colombia,COL,2010,11453.281163531428
330,Colombia,COL,2011,12617.380050784006
331,Colombia,COL,2012,15013.3652642722
332,Colombia,COL,2013,6077.618752075781
333,Congo,COG,2005,-936.4587347012712
334,Congo,COG,2006,-798.216944492051
335,Congo,COG,2007,-745.8023830311977
336,Congo,COG,2008,-61.47393585044483
337,Congo,COG,2009,1880.2971175733765
338,Congo,COG,2010,-753.243184265486
339,Congo,COG,2011,-554.2207797384544
340,Congo,COG,2012,-1815.4400877191947
341,Congo,COG,2013,-2299.8540291462086
342,Cook Islands,COK,2005,1.200044017036242
343,Cook Islands,COK,2006,1.2148571676952704
344,Cook Islands,COK,2007,3.2675781650302524
345,Cook Islands,COK,2008,4.45409703005781
346,Cook Islands,COK,2009,3.9468958206646887
347,Cook Islands,COK,2010,7.90036868695242
348,Cook Islands,COK,2011,4.010689537372227
349,Cook Islands,COK,2012,5.015614895881695
350,Cook Islands,COK,2013,4.781795490609457
351,Costa Rica,CRI,2005,594.4111379442688
352,Costa Rica,CRI,2006,194.85673522335992
353,Costa Rica,CRI,2007,109.61539662881978
354,Costa Rica,CRI,2008,-343.0692298143631
355,Costa Rica,CRI,2009,-1231.801503329054
356,Costa Rica,CRI,2010,-1799.567293934835
357,Costa Rica,CRI,2011,-1539.6451879507213
358,Costa Rica,CRI,2012,-1521.324062394703
359,Costa Rica,CRI,2013,-369.43960635786607
360,Cote d'Ivoire,CIV,2005,-35595.98850473291
361,Cote d'Ivoire,CIV,2006,-43470.80351401084
362,Cote d'Ivoire,CIV,2007,-39956.39021802004
363,Cote d'Ivoire,CIV,2008,-32196.790279983565
364,Cote d'Ivoire,CIV,2009,-28417.448994664155
365,Cote d'Ivoire,CIV,2010,-15571.20878516233
366,Cote d'Ivoire,CIV,2011,-7470.613131337035
367,Cote d'Ivoire,CIV,2012,-2352.3699071651627
368,Cote d'Ivoire,CIV,2013,-3246.5942171181487
369,Croatia,HRV,2005,1631.4015496348482
370,Croatia,HRV,2006,1706.7051742954989
371,Croatia,HRV,2007,1588.3840849779313
372,Croatia,HRV,2008,1120.233069708397
373,Croatia,HRV,2009,903.6928756621978
374,Croatia,HRV,2010,818.6889584583935
375,Croatia,HRV,2011,733.3937890391115
376,Croatia,HRV,2012,915.0281007629586
377,Croatia,HRV,2013,741.4627994139273
378,Cuba,CUB,2005,2139.6619292406613
379,Cuba,CUB,2006,2748.2506836804787
380,Cuba,CUB,2007,1269.1619656694438
381,Cuba,CUB,2008,1604.2972848487498
382,Cuba,CUB,2009,638.2049164945329
383,Cuba,CUB,2010,1732.569654400506
384,Cuba,CUB,2011,1824.806725029539
385,Cuba,CUB,2012,2115.750544185348
386,Cuba,CUB,2013,2297.339746490012
387,Cyprus,CYP,2005,588.4429074100572
388,Cyprus,CYP,2006,528.1658367893812
389,Cyprus,CYP,2007,585.6011080916803
390,Cyprus,CYP,2008,677.7359038013749
391,Cyprus,CYP,2009,643.2283284270792
392,Cyprus,CYP,2010,456.11392148681455
393,Cyprus,CYP,2011,386.8002215653389
394,Cyprus,CYP,2012,452.7347232445656
395,Cyprus,CYP,2013,367.7911922539811
396,Democratic Republic of Congo,COD,2005,701.0775392677533
397,Democratic Republic of Congo,COD,2006,660.1088237481454
398,Democratic Republic of Congo,COD,2007,1378.3254617562343
399,Democratic Republic of Congo,COD,2008,1437.695382201433
400,Democratic Republic of Congo,COD,2009,-1722.0653776262188
401,Democratic Republic of Congo,COD,2010,-176.66817215557967
402,Democratic Republic of Congo,COD,2011,1341.2695277262535
403,Democratic Republic of Congo,COD,2012,1437.8879568167176
404,Democratic Republic of Congo,COD,2013,1530.497026369456
405,Denmark,DNK,2005,5967.090391882574
406,Denmark,DNK,2006,5191.716871511955
407,Denmark,DNK,2007,4730.60381099486
408,Denmark,DNK,2008,3985.135589593306
409,Denmark,DNK,2009,4432.20328821127
410,Denmark,DNK,2010,4020.957596029464
411,Denmark,DNK,2011,4341.193227885779
412,Denmark,DNK,2012,4052.355998732073
413,Denmark,DNK,2013,2959.179475920687
414,Djibouti,DJI,2005,397.7590565474455
415,Djibouti,DJI,2006,1366.587473773464
416,Djibouti,DJI,2007,1456.1584044232563
417,Djibouti,DJI,2008,1135.0944489883334
418,Djibouti,DJI,2009,1464.7568636923972
419,Djibouti,DJI,2010,1454.1649202408128
420,Djibouti,DJI,2011,2598.799476557449
421,Djibouti,DJI,2012,4310.76149152313
422,Djibouti,DJI,2013,3679.354354821133
423,Dominica,DMA,2005,6.623912702171776
424,Dominica,DMA,2006,5.1428391298865765
425,Dominica,DMA,2007,1.7636065100445744
426,Dominica,DMA,2008,2.1941716913083136
427,Dominica,DMA,2009,2.701826305288045
428,Dominica,DMA,2010,1.7783755346300023
429,Dominica,DMA,2011,2.2188355659985595
430,Dominica,DMA,2012,0.6779192406687001
431,Dominica,DMA,2013,0.8473112757999801
432,Dominican Republic,DOM,2005,1231.5808307116697
433,Dominican Republic,DOM,2006,852.6959761740054
434,Dominican Republic,DOM,2007,742.5790618060437
435,Dominican Republic,DOM,2008,694.0168696619676
436,Dominican Republic,DOM,2009,504.787172907425
437,Dominican Republic,DOM,2010,1343.5560874112944
438,Dominican Republic,DOM,2011,1279.1457881279075
439,Dominican Republic,DOM,2012,3256.848694378013
440,Dominican Republic,DOM,2013,1973.1271202705063
441,Ecuador,ECU,2005,2244.0419371890566
442,Ecuador,ECU,2006,2774.657866000889
443,Ecuador,ECU,2007,-1350.59358306817
444,Ecuador,ECU,2008,-3808.787069461352
445,Ecuador,ECU,2009,-2888.694932805687
446,Ecuador,ECU,2010,-2057.576960262129
447,Ecuador,ECU,2011,-3836.022945533692
448,Ecuador,ECU,2012,-1247.8393703510865
449,Ecuador,ECU,2013,1392.057077531419
450,Egypt,EGY,2005,33335.08619078936
451,Egypt,EGY,2006,43019.4859379726
452,Egypt,EGY,2007,32990.7649992355
453,Egypt,EGY,2008,24412.131508575723
454,Egypt,EGY,2009,12105.37014990676
455,Egypt,EGY,2010,37419.87856421033
456,Egypt,EGY,2011,28900.207288248283
457,Egypt,EGY,2012,42109.50822103115
458,Egypt,EGY,2013,41018.8744264195
459,El Salvador,SLV,2005,4134.13990785292
460,El Salvador,SLV,2006,4171.215131105448
461,El Salvador,SLV,2007,4651.083902468155
462,El Salvador,SLV,2008,5230.7139621023
463,El Salvador,SLV,2009,5675.754509684828
464,El Salvador,SLV,2010,4882.621330708227
465,El Salvador,SLV,2011,4223.497514890147
466,El Salvador,SLV,2012,3436.425769498533
467,El Salvador,SLV,2013,2557.565190422029
468,Equatorial Guinea,GNQ,2005,282.2279090514494
469,Equatorial Guinea,GNQ,2006,161.80836800291968
470,Equatorial Guinea,GNQ,2007,284.6623736248669
471,Equatorial Guinea,GNQ,2008,282.46515732126176
472,Equatorial Guinea,GNQ,2009,194.47879173924247
473,Equatorial Guinea,GNQ,2010,128.21684526535486
474,Equatorial Guinea,GNQ,2011,194.2103533298927
475,Equatorial Guinea,GNQ,2012,188.7676029895331
476,Equatorial Guinea,GNQ,2013,200.0326345717956
477,Eritrea,ERI,2005,81.81289685843423
478,Eritrea,ERI,2006,36.22651734925624
479,Eritrea,ERI,2007,33.77784388416208
480,Eritrea,ERI,2008,27.22043494132661
481,Eritrea,ERI,2009,66.72235210379625
482,Eritrea,ERI,2010,37.959392893613725
483,Eritrea,ERI,2011,111.79704682050608
484,Eritrea,ERI,2012,79.72067725853852
485,Eritrea,ERI,2013,90.4339144791915
486,Estonia,EST,2005,236.64545802442169
487,Estonia,EST,2006,267.00562862221864
488,Estonia,EST,2007,352.1651294957718
489,Estonia,EST,2008,214.2830200657613
490,Estonia,EST,2009,212.29284225262293
491,Estonia,EST,2010,186.8700633472539
492,Estonia,EST,2011,233.65890242819145
493,Estonia,EST,2012,292.23187960460706
494,Estonia,EST,2013,356.7086262012318
495,Ethiopia,ETH,2005,-3400.415149442564
496,Ethiopia,ETH,2006,-3608.547627614445
497,Ethiopia,ETH,2007,-2583.36638182736
498,Ethiopia,ETH,2008,-1964.7678923169517
499,Ethiopia,ETH,2009,-2620.901003876781
500,Ethiopia,ETH,2010,-1019.1647162514528
501,Ethiopia,ETH,2011,298.36944276793656
502,Ethiopia,ETH,2012,2208.2785458170474
503,Ethiopia,ETH,2013,1612.0239155924571
504,Fiji,FJI,2005,-437.292070136393
505,Fiji,FJI,2006,-341.509542197756
506,Fiji,FJI,2007,-183.28308623672547
507,Fiji,FJI,2008,-14.670361539381249
508,Fiji,FJI,2009,21.11349542062294
509,Fiji,FJI,2010,-2.930333082528364
510,Fiji,FJI,2011,103.86275931027636
511,Fiji,FJI,2012,95.19147415150668
512,Fiji,FJI,2013,-324.01217051363415
513,Finland,FIN,2005,2329.350317770145
514,Finland,FIN,2006,1986.3737045773416
515,Finland,FIN,2007,2639.791640747863
516,Finland,FIN,2008,2103.82937696088
517,Finland,FIN,2009,1864.770879133472
518,Finland,FIN,2010,2008.8793961290469
519,Finland,FIN,2011,1706.7450247267586
520,Finland,FIN,2012,2448.482457802878
521,Finland,FIN,2013,1388.855756683662
522,France,FRA,2005,39049.00127015411
523,France,FRA,2006,36215.11105849618
524,France,FRA,2007,32482.639386598992
525,France,FRA,2008,29031.762760887
526,France,FRA,2009,26503.01263233088
527,France,FRA,2010,24171.714236792875
528,France,FRA,2011,23363.77182433053
529,France,FRA,2012,25091.081856529177
530,France,FRA,2013,21888.559406761666
531,French Guiana,GUF,2005,0.0
532,French Guiana,GUF,2006,0.0
533,French Guiana,GUF,2007,0.0
534,French Guiana,GUF,2008,0.0
535,French Guiana,GUF,2009,0.0
536,French Guiana,GUF,2010,0.0
537,French Guiana,GUF,2011,0.0
538,French Guiana,GUF,2012,0.0
539,French Guiana,GUF,2013,0.0
540,French Polynesia,PYF,2005,90.40063278700454
541,French Polynesia,PYF,2006,169.59002882417627
542,French Polynesia,PYF,2007,395.5386844630799
543,French Polynesia,PYF,2008,228.6491392588379
544,French Polynesia,PYF,2009,97.27309760748656
545,French Polynesia,PYF,2010,104.20793753810878
546,French Polynesia,PYF,2011,102.08319577620038
547,French Polynesia,PYF,2012,93.49245206305127
548,French Polynesia,PYF,2013,101.02333601311778
549,Gabon,GAB,2005,554.384798391713
550,Gabon,GAB,2006,488.9777199672303
551,Gabon,GAB,2007,475.9316865736414
552,Gabon,GAB,2008,257.78608608015566
553,Gabon,GAB,2009,437.5650647795092
554,Gabon,GAB,2010,150.9137334811212
555,Gabon,GAB,2011,227.05226539877367
556,Gabon,GAB,2012,344.62967088660434
557,Gabon,GAB,2013,362.1876175146536
558,Gambia,GMB,2005,342.813203147096
559,Gambia,GMB,2006,431.7978747121144
560,Gambia,GMB,2007,324.6390262564041
561,Gambia,GMB,2008,238.0820759832816
562,Gambia,GMB,2009,667.6395810256397
563,Gambia,GMB,2010,564.9258496835471
564,Gambia,GMB,2011,750.3401400424976
565,Gambia,GMB,2012,685.5063109852409
566,Gambia,GMB,2013,128.52651757623036
567,Georgia,GEO,2005,326.44974008353984
568,Georgia,GEO,2006,334.1153801040067
569,Georgia,GEO,2007,418.35120682259344
570,Georgia,GEO,2008,354.0098335099251
571,Georgia,GEO,2009,347.4441891142851
572,Georgia,GEO,2010,419.191445361608
573,Georgia,GEO,2011,639.4163725271583
574,Georgia,GEO,2012,1102.8686138470764
575,Georgia,GEO,2013,850.0630058254227
576,Germany,DEU,2005,46834.52913764328
577,Germany,DEU,2006,48728.38627927452
578,Germany,DEU,2007,51240.46001920746
579,Germany,DEU,2008,45485.67892834225
580,Germany,DEU,2009,48914.77767460314
581,Germany,DEU,2010,46622.59161515343
582,Germany,DEU,2011,42165.76320807876
583,Germany,DEU,2012,45163.42441463516
584,Germany,DEU,2013,36883.039541359256
585,Ghana,GHA,2005,-12355.064437275409
586,Ghana,GHA,2006,-15888.033546923554
587,Ghana,GHA,2007,-7814.839794474141
588,Ghana,GHA,2008,-7368.670711952684
589,Ghana,GHA,2009,-5040.704122092633
590,Ghana,GHA,2010,-1857.7469412691355
591,Ghana,GHA,2011,-5578.378243716725
592,Ghana,GHA,2012,-5236.356688736691
593,Ghana,GHA,2013,-7743.453375570643
594,Greece,GRC,2005,5733.063197276421
595,Greece,GRC,2006,6298.602518420494
596,Greece,GRC,2007,6454.620614018551
597,Greece,GRC,2008,5332.573657720681
598,Greece,GRC,2009,6654.493679699863
599,Greece,GRC,2010,5143.226096134057
600,Greece,GRC,2011,4486.994457486429
601,Greece,GRC,2012,5550.255642147504
602,Greece,GRC,2013,3441.1497721122946
603,Grenada,GRD,2005,81.3853222116429
604,Grenada,GRD,2006,66.20026893701275
605,Grenada,GRD,2007,35.08383054860896
606,Grenada,GRD,2008,31.18829235136924
607,Grenada,GRD,2009,18.759210499612912
608,Grenada,GRD,2010,10.450023651341986
609,Grenada,GRD,2011,24.9152288807073
610,Grenada,GRD,2012,-6.363507763361248
611,Grenada,GRD,2013,13.571711202179603
612,Guadeloupe,GLP,2005,0.0
613,Guadeloupe,GLP,2006,0.0
614,Guadeloupe,GLP,2007,0.0
615,Guadeloupe,GLP,2008,0.0
616,Guadeloupe,GLP,2009,0.0
617,Guadeloupe,GLP,2010,0.0
618,Guadeloupe,GLP,2011,0.0
619,Guatemala,GTM,2005,-8470.868544055376
620,Guatemala,GTM,2006,-5886.777149687543
621,Guatemala,GTM,2007,-923.8074185926998
622,Guatemala,GTM,2008,758.0024310370691
623,Guatemala,GTM,2009,987.8890630753784
624,Guatemala,GTM,2010,225.86124987328824
625,Guatemala,GTM,2011,540.1211987646866
626,Guatemala,GTM,2012,679.3233572612335
627,Guatemala,GTM,2013,611.3601841812779
628,Guinea,GIN,2005,-598.507135565902
629,Guinea,GIN,2006,-804.1105688733805
630,Guinea,GIN,2007,-507.1135666749324
631,Guinea,GIN,2008,-228.28797117550857
632,Guinea,GIN,2009,-291.8205974416778
633,Guinea,GIN,2010,-272.07478685469687
634,Guinea,GIN,2011,-4.703741745503066
635,Guinea,GIN,2012,587.8886548156115
636,Guinea,GIN,2013,525.2411869629432
637,Guinea-Bissau,GNB,2005,-242.74693663308472
638,Guinea-Bissau,GNB,2006,-120.6172701296016
639,Guinea-Bissau,GNB,2007,-132.17607403525926
640,Guinea-Bissau,GNB,2008,-204.71727169798143
641,Guinea-Bissau,GNB,2009,-619.5351658297091
642,Guinea-Bissau,GNB,2010,-244.83862892967863
643,Guinea-Bissau,GNB,2011,-502.7967723211132
644,Guinea-Bissau,GNB,2012,-596.7478442264623
645,Guinea-Bissau,GNB,2013,-565.4517854334063
646,Guyana,GUY,2005,98.60584882148191
647,Guyana,GUY,2006,133.14338917162172
648,Guyana,GUY,2007,59.334475037173206
649,Guyana,GUY,2008,73.62399423323637
650,Guyana,GUY,2009,61.96167965872175
651,Guyana,GUY,2010,111.15998483697354
652,Guyana,GUY,2011,57.13838448971728
653,Guyana,GUY,2012,52.56569159809851
654,Guyana,GUY,2013,-7.919503048935439
655,Haiti,HTI,2005,521.4909171392355
656,Haiti,HTI,2006,655.5625696957709
657,Haiti,HTI,2007,512.5289300342895
658,Haiti,HTI,2008,609.3350582782248
659,Haiti,HTI,2009,773.2834857465612
660,Haiti,HTI,2010,904.2540967647468
661,Haiti,HTI,2011,917.3218833807524
662,Haiti,HTI,2012,894.4618410523099
663,Haiti,HTI,2013,1134.1210874796611
664,Honduras,HND,2005,-2117.2603248301166
665,Honduras,HND,2006,-1177.9654943152343
666,Honduras,HND,2007,-977.6851658303348
667,Honduras,HND,2008,-1542.0327909459047
668,Honduras,HND,2009,-1850.569613104035
669,Honduras,HND,2010,-4083.788890271008
670,Honduras,HND,2011,-5138.537891432694
671,Honduras,HND,2012,-5033.364301173684
672,Honduras,HND,2013,-3685.078487762212
673,Hong Kong,HKG,2005,7326.754719953096
674,Hong Kong,HKG,2006,7356.38172764962
675,Hong Kong,HKG,2007,7420.865801114067
676,Hong Kong,HKG,2008,8843.909487746852
677,Hong Kong,HKG,2009,9151.855427945591
678,Hong Kong,HKG,2010,8996.861122078231
679,Hong Kong,HKG,2011,8496.685723985258
680,Hong Kong,HKG,2012,14287.60812458636
681,Hong Kong,HKG,2013,23265.815466090942
682,Hungary,HUN,2005,3366.018841978196
683,Hungary,HUN,2006,3095.4513624536494
684,Hungary,HUN,2007,2521.6236244107463
685,Hungary,HUN,2008,2036.3199642587165
686,Hungary,HUN,2009,2072.00062035246
687,Hungary,HUN,2010,1830.3273204089503
688,Hungary,HUN,2011,2003.314803202266
689,Hungary,HUN,2012,2053.323727272357
690,Hungary,HUN,2013,1472.0886716190312
691,Iceland,ISL,2005,120.08857458187954
692,Iceland,ISL,2006,104.4109299419641
693,Iceland,ISL,2007,103.82484861020872
694,Iceland,ISL,2008,85.59085898067829
695,Iceland,ISL,2009,103.82516621973124
696,Iceland,ISL,2010,72.39375740701864
697,Iceland,ISL,2011,85.12604342380065
698,Iceland,ISL,2012,117.482156669647
699,Iceland,ISL,2013,73.02351130403136
700,India,IND,2005,48351.26496676922
701,India,IND,2006,63949.4101942758
702,India,IND,2007,83050.46756841207
703,India,IND,2008,109762.47205756992
704,India,IND,2009,137631.49483142816
705,India,IND,2010,80315.93492808678
706,India,IND,2011,98901.5709087788
707,India,IND,2012,110834.76576452538
708,India,IND,2013,106160.0290061181
709,Indonesia,IDN,2005,-188323.1010800918
710,Indonesia,IDN,2006,-262266.7231550745
711,Indonesia,IDN,2007,-288411.73720408493
712,Indonesia,IDN,2008,-352100.0247710393
713,Indonesia,IDN,2009,-412769.0524949055
714,Indonesia,IDN,2010,-360786.3102392494
715,Indonesia,IDN,2011,-362266.7602448419
716,Indonesia,IDN,2012,-404735.8402042391
717,Indonesia,IDN,2013,-391353.5040265836
718,Iran,IRN,2005,18079.28875456403
719,Iran,IRN,2006,26809.498041860206
720,Iran,IRN,2007,25224.38159400433
721,Iran,IRN,2008,25392.380908239596
722,Iran,IRN,2009,28707.4699528156
723,Iran,IRN,2010,33882.215330586456
724,Iran,IRN,2011,40407.728405552974
725,Iran,IRN,2012,31546.333919636312
726,Iran,IRN,2013,25532.537332064367
727,Iraq,IRQ,2005,1648.3852560386313
728,Iraq,IRQ,2006,2019.4284557051808
729,Iraq,IRQ,2007,1290.9256096733327
730,Iraq,IRQ,2008,1849.9831010623725
731,Iraq,IRQ,2009,2519.286554765672
732,Iraq,IRQ,2010,2998.1723759063966
733,Iraq,IRQ,2011,3433.514622475364
734,Iraq,IRQ,2012,3944.067088193025
735,Iraq,IRQ,2013,3052.9197428999632
736,Ireland,IRL,2005,3986.104372730184
737,Ireland,IRL,2006,2869.811297110572
738,Ireland,IRL,2007,2604.295296618417
739,Ireland,IRL,2008,2351.811222273157
740,Ireland,IRL,2009,3112.9520876426736
741,Ireland,IRL,2010,2582.092755624208
742,Ireland,IRL,2011,2317.719287560612
743,Ireland,IRL,2012,2855.634416390359
744,Ireland,IRL,2013,2188.5106964790853
745,Israel,ISR,2005,9873.832995024984
746,Israel,ISR,2006,10735.203691854778
747,Israel,ISR,2007,9984.68905913608
748,Israel,ISR,2008,9986.189632061376
749,Israel,ISR,2009,10415.400675152468
750,Israel,ISR,2010,9273.135059220733
751,Israel,ISR,2011,10017.422988801767
752,Israel,ISR,2012,9724.140685865412
753,Israel,ISR,2013,5732.509170530035
754,Italy,ITA,2005,44262.00030502836
755,Italy,ITA,2006,45002.4778833673
756,Italy,ITA,2007,40046.04620027355
757,Italy,ITA,2008,34159.37498599586
758,Italy,ITA,2009,45662.02868974374
759,Italy,ITA,2010,41867.58590428966
760,Italy,ITA,2011,37466.28916972087
761,Italy,ITA,2012,37455.12747370948
762,Italy,ITA,2013,34394.91640308422
763,Jamaica,JAM,2005,1120.364249385714
764,Jamaica,JAM,2006,808.6429747695045
765,Jamaica,JAM,2007,745.9420246625991
766,Jamaica,JAM,2008,821.1398920241058
767,Jamaica,JAM,2009,612.70710966041
768,Jamaica,JAM,2010,1034.5580558647098
769,Jamaica,JAM,2011,1051.5054169799826
770,Jamaica,JAM,2012,1137.0231233933998
771,Jamaica,JAM,2013,906.9315296717136
772,Japan,JPN,2005,64663.39352305357
773,Japan,JPN,2006,64487.507778096246
774,Japan,JPN,2007,56428.76533510957
775,Japan,JPN,2008,49844.20853967883
776,Japan,JPN,2009,51337.33730923212
777,Japan,JPN,2010,62737.56974112217
778,Japan,JPN,2011,65830.56996940728
779,Japan,JPN,2012,62862.58898514148
780,Japan,JPN,2013,77194.67322117306
781,Jordan,JOR,2005,3795.597346905276
782,Jordan,JOR,2006,4040.684239286943
783,Jordan,JOR,2007,2776.855534962668
784,Jordan,JOR,2008,3861.695528509529
785,Jordan,JOR,2009,3737.5936375456654
786,Jordan,JOR,2010,3337.208559421283
787,Jordan,JOR,2011,3201.944676784652
788,Jordan,JOR,2012,4411.7006603144255
789,Jordan,JOR,2013,4781.040592459037
790,Kazakhstan,KAZ,2005,1035.6471883989514
791,Kazakhstan,KAZ,2006,1507.6683007163715
792,Kazakhstan,KAZ,2007,1828.354754866818
793,Kazakhstan,KAZ,2008,1747.3159507584662
794,Kazakhstan,KAZ,2009,864.3524864668508
795,Kazakhstan,KAZ,2010,376.07255736932086
796,Kazakhstan,KAZ,2011,1018.503031685884
797,Kazakhstan,KAZ,2012,1298.0190770769252
798,Kazakhstan,KAZ,2013,1315.3760809252265
799,Kenya,KEN,2005,2072.7249321162235
800,Kenya,KEN,2006,3659.360225890981
801,Kenya,KEN,2007,6622.415416529359
802,Kenya,KEN,2008,5633.321928546688
803,Kenya,KEN,2009,7269.817384147282
804,Kenya,KEN,2010,7359.970331640168
805,Kenya,KEN,2011,6671.149625656577
806,Kenya,KEN,2012,8606.063300485748
807,Kenya,KEN,2013,7440.40311023363
808,Kiribati,KIR,2005,25.68720050362544
809,Kiribati,KIR,2006,14.300212897732909
810,Kiribati,KIR,2007,283.54882129744834
811,Kiribati,KIR,2008,242.54594673845185
812,Kiribati,KIR,2009,15.493023727170115
813,Kiribati,KIR,2010,11.76166522256976
814,Kiribati,KIR,2011,38.19665022466304
815,Kiribati,KIR,2012,84.99450240063754
816,Kiribati,KIR,2013,86.50937946491732
817,Kuwait,KWT,2005,2423.525479832358
818,Kuwait,KWT,2006,2458.4083281649923
819,Kuwait,KWT,2007,2165.2064023231524
820,Kuwait,KWT,2008,2226.5769273361093
821,Kuwait,KWT,2009,2136.0937626441137
822,Kuwait,KWT,2010,1933.6250472832933
823,Kuwait,KWT,2011,2488.790845517229
824,Kuwait,KWT,2012,2544.315307503133
825,Kuwait,KWT,2013,2620.600627473326
826,Kyrgyzstan,KGZ,2005,64.98106716055105
827,Kyrgyzstan,KGZ,2006,109.17904858770356
828,Kyrgyzstan,KGZ,2007,112.52766786436528
829,Kyrgyzstan,KGZ,2008,121.77614952689478
830,Kyrgyzstan,KGZ,2009,88.05771791823477
831,Kyrgyzstan,KGZ,2010,121.56298727879884
832,Kyrgyzstan,KGZ,2011,132.07105498221364
833,Kyrgyzstan,KGZ,2012,127.2184418001923
834,Kyrgyzstan,KGZ,2013,150.49723139701496
835,Laos,LAO,2005,-4228.2323576579
836,Laos,LAO,2006,-6355.070813908038
837,Laos,LAO,2007,-3065.303392409136
838,Laos,LAO,2008,-4643.287817629243
839,Laos,LAO,2009,-6547.98658750271
840,Laos,LAO,2010,-7338.352403731282
841,Laos,LAO,2011,-4724.073088382087
842,Laos,LAO,2012,-3220.38577965655
843,Laos,LAO,2013,-4703.646248748599
844,Latvia,LVA,2005,595.6968524880066
845,Latvia,LVA,2006,576.6807428550169
846,Latvia,LVA,2007,474.2233896819088
847,Latvia,LVA,2008,414.6201133098353
848,Latvia,LVA,2009,332.1477424666172
849,Latvia,LVA,2010,362.17742541797327
850,Latvia,LVA,2011,394.48539305986463
851,Latvia,LVA,2012,663.3958601963304
852,Latvia,LVA,2013,637.8983806665387
853,Lebanon,LBN,2005,5330.260840153632
854,Lebanon,LBN,2006,4667.962641620875
855,Lebanon,LBN,2007,4055.256836731056
856,Lebanon,LBN,2008,3529.889690581354
857,Lebanon,LBN,2009,5117.716780111437
858,Lebanon,LBN,2010,4228.653776384049
859,Lebanon,LBN,2011,5452.7923845414925
860,Lebanon,LBN,2012,4028.495312216221
861,Lebanon,LBN,2013,3375.7061600651896
862,Lesotho,LSO,2005,50.71085110784618
863,Lesotho,LSO,2006,117.09666065748225
864,Lesotho,LSO,2007,27.85566855049377
865,Lesotho,LSO,2008,13.918545572991896
866,Lesotho,LSO,2009,53.32886558733619
867,Lesotho,LSO,2010,7.690581798291454
868,Lesotho,LSO,2011,60.64793353141575
869,Lesotho,LSO,2012,863.5282484791442
870,Lesotho,LSO,2013,778.9018756024624
871,Liberia,LBR,2005,-570.1663634081774
872,Liberia,LBR,2006,-300.25397052271
873,Liberia,LBR,2007,52.68785768539146
874,Liberia,LBR,2008,40.46082122428015
875,Liberia,LBR,2009,-340.11926483878415
876,Liberia,LBR,2010,-3480.2570442447723
877,Liberia,LBR,2011,-6575.570140985688
878,Liberia,LBR,2012,-5119.417652493201
879,Liberia,LBR,2013,-4590.8725179298735
880,Libya,LBY,2005,3414.5571299047333
881,Libya,LBY,2006,3977.513920162112
882,Libya,LBY,2007,3358.8673401465344
883,Libya,LBY,2008,4438.6374638094985
884,Libya,LBY,2009,3882.0010657885578
885,Libya,LBY,2010,4117.297919169922
886,Libya,LBY,2011,1897.7102743253884
887,Libya,LBY,2012,4650.489313041812
888,Libya,LBY,2013,3412.8525356846144
889,Lithuania,LTU,2005,942.9440526544424
890,Lithuania,LTU,2006,1010.2970385915688
891,Lithuania,LTU,2007,800.4167414613618
892,Lithuania,LTU,2008,775.8796465453514
893,Lithuania,LTU,2009,1208.2969542603007
894,Lithuania,LTU,2010,747.6977884867855
895,Lithuania,LTU,2011,1079.4463957684882
896,Lithuania,LTU,2012,753.3194082959799
897,Lithuania,LTU,2013,538.7452288102243
898,Luxembourg,LUX,2005,643.8807466644307
899,Luxembourg,LUX,2006,768.2171885585115
900,Luxembourg,LUX,2007,657.2831480373206
901,Luxembourg,LUX,2008,346.86324700837207
902,Luxembourg,LUX,2009,295.7366438325229
903,Luxembourg,LUX,2010,323.03341102795827
904,Luxembourg,LUX,2011,419.07662666675816
905,Luxembourg,LUX,2012,662.6711529147527
906,Luxembourg,LUX,2013,490.4566006889789
907,Macao,MAC,2005,428.98616484942977
908,Macao,MAC,2006,377.2670472633183
909,Macao,MAC,2007,334.7090002211429
910,Macao,MAC,2008,393.1506785034886
911,Macao,MAC,2009,442.2806327725104
912,Macao,MAC,2010,365.1283409091078
913,Macao,MAC,2011,443.7465136367964
914,Macao,MAC,2012,624.1416911919019
915,Macao,MAC,2013,398.3820030622728
916,Madagascar,MDG,2005,-570.127482378688
917,Madagascar,MDG,2006,-3685.202271369912
918,Madagascar,MDG,2007,-2508.511932602778
919,Madagascar,MDG,2008,-2185.446001485965
920,Madagascar,MDG,2009,-2816.9419902990485
921,Madagascar,MDG,2010,-4521.70643338294
922,Madagascar,MDG,2011,-2431.795706563338
923,Madagascar,MDG,2012,-1327.2375934117265
924,Madagascar,MDG,2013,3729.245011000374
925,Malawi,MWI,2005,-263.9840342332109
926,Malawi,MWI,2006,-259.6337221831409
927,Malawi,MWI,2007,-809.8193796673568
928,Malawi,MWI,2008,575.7972919507883
929,Malawi,MWI,2009,69.73620077980377
930,Malawi,MWI,2010,-154.16774649410218
931,Malawi,MWI,2011,-344.25742633066056
932,Malawi,MWI,2012,-227.43862903118497
933,Malawi,MWI,2013,-258.333904981293
934,Malaysia,MYS,2005,-35239.140650415946
935,Malaysia,MYS,2006,-35069.935041616554
936,Malaysia,MYS,2007,-34861.31637215537
937,Malaysia,MYS,2008,-39941.06825272458
938,Malaysia,MYS,2009,-56343.70767710135
939,Malaysia,MYS,2010,-74456.18290332668
940,Malaysia,MYS,2011,-79065.06382426366
941,Malaysia,MYS,2012,-73823.51496296015
942,Malaysia,MYS,2013,-79851.42984067203
943,Maldives,MDV,2005,123.48606605200744
944,Maldives,MDV,2006,241.53698858938893
945,Maldives,MDV,2007,172.95339857950367
946,Maldives,MDV,2008,196.84469252461892
947,Maldives,MDV,2009,103.57983531416836
948,Maldives,MDV,2010,136.2243544523108
949,Maldives,MDV,2011,210.97525335379237
950,Maldives,MDV,2012,198.20768024183215
951,Maldives,MDV,2013,263.1966819588783
952,Mali,MLI,2005,334.9085567619072
953,Mali,MLI,2006,402.6914094783809
954,Mali,MLI,2007,740.6763322942456
955,Mali,MLI,2008,676.0025063281596
956,Mali,MLI,2009,283.46152937742
957,Mali,MLI,2010,517.9773149352013
958,Mali,MLI,2011,315.1723642467608
959,Mali,MLI,2012,431.3143310070212
960,Mali,MLI,2013,107.066708788916
961,Malta,MLT,2005,565.3757617351826
962,Malta,MLT,2006,453.4280545638548
963,Malta,MLT,2007,401.3295857426554
964,Malta,MLT,2008,331.95723786426146
965,Malta,MLT,2009,294.2471406328276
966,Malta,MLT,2010,232.12844629327088
967,Malta,MLT,2011,277.258832699684
968,Malta,MLT,2012,357.04882650952067
969,Malta,MLT,2013,289.7679482055248
970,Martinique,MTQ,2005,0.0
971,Martinique,MTQ,2006,0.0
972,Martinique,MTQ,2007,0.0
973,Martinique,MTQ,2008,0.0
974,Martinique,MTQ,2009,0.0
975,Martinique,MTQ,2010,0.0
976,Martinique,MTQ,2011,0.0
977,Martinique,MTQ,2012,0.0
978,Mauritania,MRT,2005,412.00630160378296
979,Mauritania,MRT,2006,354.6292284102193
980,Mauritania,MRT,2007,383.45594302004906
981,Mauritania,MRT,2008,516.0315471179455
982,Mauritania,MRT,2009,794.7651219886284
983,Mauritania,MRT,2010,599.3584364189095
984,Mauritania,MRT,2011,1033.8380854502343
985,Mauritania,MRT,2012,1779.0786048642583
986,Mauritania,MRT,2013,916.9827376817708
987,Mauritius,MUS,2005,968.7491471514304
988,Mauritius,MUS,2006,1404.235772780424
989,Mauritius,MUS,2007,985.4507398938196
990,Mauritius,MUS,2008,1041.3645432344497
991,Mauritius,MUS,2009,1140.3687043622645
992,Mauritius,MUS,2010,1160.9302952562412
993,Mauritius,MUS,2011,1510.158687688712
994,Mauritius,MUS,2012,1069.1766893912677
995,Mauritius,MUS,2013,880.2445988169145
996,Mexico,MEX,2005,388.2107681212729
997,Mexico,MEX,2006,857.0053331147501
998,Mexico,MEX,2007,-579.9744063465405
999,Mexico,MEX,2008,-491.2653905232
1000,Mexico,MEX,2009,-1121.1675585345656
1001,Mexico,MEX,2010,-283.0841265316558
1002,Mexico,MEX,2011,-3408.016132276505
1003,Mexico,MEX,2012,928.935309290624
1004,Mexico,MEX,2013,3949.9173177480698
1005,Moldova,MDA,2005,646.6952796604527
1006,Moldova,MDA,2006,607.2323356011673
1007,Moldova,MDA,2007,178.00955198215985
1008,Moldova,MDA,2008,364.50319735294266
1009,Moldova,MDA,2009,147.2683913295758
1010,Moldova,MDA,2010,112.12779409275868
1011,Moldova,MDA,2011,106.08652958000413
1012,Moldova,MDA,2012,108.97779885591686
1013,Moldova,MDA,2013,118.96304414612884
1014,Mongolia,MNG,2005,76.5506284738514
1015,Mongolia,MNG,2006,77.88629574658017
1016,Mongolia,MNG,2007,178.2860699959157
1017,Mongolia,MNG,2008,62.99612367911949
1018,Mongolia,MNG,2009,61.98738894096207
1019,Mongolia,MNG,2010,139.88717031407367
1020,Mongolia,MNG,2011,99.15021193694442
1021,Mongolia,MNG,2012,123.71529071924682
1022,Mongolia,MNG,2013,110.26976973657482
1023,Montenegro,MNE,2006,100.20570106773036
1024,Montenegro,MNE,2007,78.82105599032798
1025,Montenegro,MNE,2008,104.2287050858626
1026,Montenegro,MNE,2009,110.29524923113314
1027,Montenegro,MNE,2010,96.42959816676482
1028,Montenegro,MNE,2011,94.59949033542529
1029,Montenegro,MNE,2012,142.5770787225437
1030,Montenegro,MNE,2013,114.94978946436252
1031,Morocco,MAR,2005,6551.8498182313815
1032,Morocco,MAR,2006,4799.29987045828
1033,Morocco,MAR,2007,3585.156303583968
1034,Morocco,MAR,2008,4359.275394052551
1035,Morocco,MAR,2009,6331.763977795204
1036,Morocco,MAR,2010,5539.263077617813
1037,Morocco,MAR,2011,6899.259963474086
1038,Morocco,MAR,2012,9952.79840556
1039,Morocco,MAR,2013,6288.231076071076
1040,Mozambique,MOZ,2005,-3101.075151724348
1041,Mozambique,MOZ,2006,-8022.256152969043
1042,Mozambique,MOZ,2007,-10125.831006196997
1043,Mozambique,MOZ,2008,-6663.221232488198
1044,Mozambique,MOZ,2009,-6621.6589512254
1045,Mozambique,MOZ,2010,-8414.67945208869
1046,Mozambique,MOZ,2011,-2676.9317605080287
1047,Mozambique,MOZ,2012,-3046.484598536379
1048,Mozambique,MOZ,2013,-6069.514198847144
1049,Myanmar,MMR,2005,-7651.729334582807
1050,Myanmar,MMR,2006,-6331.074272087353
1051,Myanmar,MMR,2007,-6100.220378845101
1052,Myanmar,MMR,2008,-9525.232951206212
1053,Myanmar,MMR,2009,-12479.07497293684
1054,Myanmar,MMR,2010,-6434.695243293958
1055,Myanmar,MMR,2011,-5367.9069266322185
1056,Myanmar,MMR,2012,-3099.5416445691444
1057,Myanmar,MMR,2013,-1281.005294057024
1058,Namibia,NAM,2005,737.8984923938493
1059,Namibia,NAM,2006,1000.2492438445196
1060,Namibia,NAM,2007,3255.0708019880285
1061,Namibia,NAM,2008,3308.8304290591764
1062,Namibia,NAM,2009,186.39708242120616
1063,Namibia,NAM,2010,670.9058101363075
1064,Namibia,NAM,2011,541.997829102642
1065,Namibia,NAM,2012,1134.7316195295657
1066,Namibia,NAM,2013,1404.0871788097334
1067,Nepal,NPL,2005,38.63755420100961
1068,Nepal,NPL,2006,86.75801548938944
1069,Nepal,NPL,2007,65.61570020332465
1070,Nepal,NPL,2008,77.43806194543686
1071,Nepal,NPL,2009,1362.4860397720322
1072,Nepal,NPL,2010,2180.1760544231715
1073,Nepal,NPL,2011,1440.8616940662753
1074,Nepal,NPL,2012,1120.9156704545314
1075,Nepal,NPL,2013,2058.842956946194
1076,Netherlands,NLD,2005,34399.1267707507
1077,Netherlands,NLD,2006,27222.14733409758
1078,Netherlands,NLD,2007,19295.6887512866
1079,Netherlands,NLD,2008,21954.88259337937
1080,Netherlands,NLD,2009,26094.20068478459
1081,Netherlands,NLD,2010,18855.75788378905
1082,Netherlands,NLD,2011,18540.445040062543
1083,Netherlands,NLD,2012,25951.385562038056
1084,Netherlands,NLD,2013,22079.52726185107
1085,New Caledonia,NCL,2005,68.25300613684833
1086,New Caledonia,NCL,2006,78.97374952428805
1087,New Caledonia,NCL,2007,78.93179315713486
1088,New Caledonia,NCL,2008,63.15921073949019
1089,New Caledonia,NCL,2009,64.10494214460958
1090,New Caledonia,NCL,2010,90.97541003101556
1091,New Caledonia,NCL,2011,84.58445550268733
1092,New Caledonia,NCL,2012,87.79401490830975
1093,New Caledonia,NCL,2013,92.33028359097165
1094,New Zealand,NZL,2005,1522.231727728143
1095,New Zealand,NZL,2006,1391.0570684518043
1096,New Zealand,NZL,2007,2527.442264686093
1097,New Zealand,NZL,2008,4917.407068188195
1098,New Zealand,NZL,2009,3080.6332475520944
1099,New Zealand,NZL,2010,5068.468942200367
1100,New Zealand,NZL,2011,3361.04898203925
1101,New Zealand,NZL,2012,3659.037238804613
1102,New Zealand,NZL,2013,3791.294155088425
1103,Nicaragua,NIC,2005,-12337.904269418272
1104,Nicaragua,NIC,2006,-11934.0059351932
1105,Nicaragua,NIC,2007,-14598.43921156556
1106,Nicaragua,NIC,2008,-18563.129354719324
1107,Nicaragua,NIC,2009,-24111.357271669985
1108,Nicaragua,NIC,2010,-25606.16639996421
1109,Nicaragua,NIC,2011,-30841.84530418338
1110,Nicaragua,NIC,2012,-28525.2121489682
1111,Nicaragua,NIC,2013,-13219.647293468546
1112,Niger,NER,2005,744.7103677451486
1113,Niger,NER,2006,609.3071995132979
1114,Niger,NER,2007,420.1520882256367
1115,Niger,NER,2008,508.5668078866172
1116,Niger,NER,2009,148.6518824726785
1117,Niger,NER,2010,492.0472156374626
1118,Niger,NER,2011,510.1418573371508
1119,Niger,NER,2012,514.2119460147386
1120,Niger,NER,2013,454.2573340264477
1121,Nigeria,NGA,2005,1016.9237357331696
1122,Nigeria,NGA,2006,3093.616388612969
1123,Nigeria,NGA,2007,2161.39148437632
1124,Nigeria,NGA,2008,1241.6939598118042
1125,Nigeria,NGA,2009,4327.260000215381
1126,Nigeria,NGA,2010,5433.121827302515
1127,Nigeria,NGA,2011,7601.17424029587
1128,Nigeria,NGA,2012,5528.315639296998
1129,Nigeria,NGA,2013,5442.472323083217
1130,North Korea,PRK,2005,691.3024291511869
1131,North Korea,PRK,2006,667.5192132155695
1132,North Korea,PRK,2007,507.3824044226811
1133,North Korea,PRK,2008,300.737274275116
1134,North Korea,PRK,2009,327.52069963028856
1135,North Korea,PRK,2010,155.57165483282674
1136,North Korea,PRK,2011,209.01816393326757
1137,North Korea,PRK,2012,346.6494216235851
1138,North Korea,PRK,2013,616.4014084041523
1139,Norway,NOR,2005,3268.991711278033
1140,Norway,NOR,2006,2860.1125861814926
1141,Norway,NOR,2007,2518.972795886481
1142,Norway,NOR,2008,2690.9061635574094
1143,Norway,NOR,2009,1940.2641415869296
1144,Norway,NOR,2010,1531.4913613680926
1145,Norway,NOR,2011,1553.747570977389
1146,Norway,NOR,2012,1419.10647990637
1147,Norway,NOR,2013,1239.8091049767368
1148,Oman,OMN,2005,838.8008980185939
1149,Oman,OMN,2006,1659.6581925775267
1150,Oman,OMN,2007,1097.0807720114046
1151,Oman,OMN,2008,1124.5137087938378
1152,Oman,OMN,2009,1380.7230146657796
1153,Oman,OMN,2010,2389.719017644555
1154,Oman,OMN,2011,2306.3734635827404
1155,Oman,OMN,2012,3150.162793085076
1156,Oman,OMN,2013,3190.9810863575944
1157,Pakistan,PAK,2005,12287.828557909466
1158,Pakistan,PAK,2006,15841.505366987369
1159,Pakistan,PAK,2007,17172.4067262687
1160,Pakistan,PAK,2008,18923.058386787296
1161,Pakistan,PAK,2009,15912.58422707216
1162,Pakistan,PAK,2010,14107.508236355876
1163,Pakistan,PAK,2011,16080.68875453418
1164,Pakistan,PAK,2012,18814.09446391411
1165,Pakistan,PAK,2013,17808.370404649
1166,Palestine,PSE,2005,655.4938960201562
1167,Palestine,PSE,2006,217.69486554728508
1168,Palestine,PSE,2007,158.4401160851661
1169,Palestine,PSE,2008,75.96589069129281
1170,Palestine,PSE,2009,96.52091442478736
1171,Palestine,PSE,2010,38.76422836645286
1172,Palestine,PSE,2011,37.852437179094615
1173,Palestine,PSE,2012,35.47985838048222
1174,Palestine,PSE,2013,37.8503062719125
1175,Panama,PAN,2005,-836.9710974586783
1176,Panama,PAN,2006,-1066.030630291898
1177,Panama,PAN,2007,-1151.2421782522952
1178,Panama,PAN,2008,-618.6978647383248
1179,Panama,PAN,2009,-262.7331583555388
1180,Panama,PAN,2010,-559.6348420160621
1181,Panama,PAN,2011,-192.51635193226684
1182,Panama,PAN,2012,599.4845123630566
1183,Panama,PAN,2013,318.04654994321754
1184,Papua New Guinea,PNG,2005,-6992.878281667996
1185,Papua New Guinea,PNG,2006,-9548.469593254433
1186,Papua New Guinea,PNG,2007,-13293.34915317516
1187,Papua New Guinea,PNG,2008,-14169.961632268398
1188,Papua New Guinea,PNG,2009,-15376.412456595095
1189,Papua New Guinea,PNG,2010,-13855.3932555148
1190,Papua New Guinea,PNG,2011,-9968.745044178013
1191,Papua New Guinea,PNG,2012,-5767.417306538682
1192,Papua New Guinea,PNG,2013,-4047.8644761982905
1193,Paraguay,PRY,2005,-86404.1659877846
1194,Paraguay,PRY,2006,-106932.9628417108
1195,Paraguay,PRY,2007,-139243.61695893877
1196,Paraguay,PRY,2008,-165021.32155504572
1197,Paraguay,PRY,2009,-172543.81588005772
1198,Paraguay,PRY,2010,-119646.4354335632
1199,Paraguay,PRY,2011,-111469.84414295093
1200,Paraguay,PRY,2012,-145209.9566556187
1201,Paraguay,PRY,2013,-120389.65716895265
1202,Peru,PER,2005,1157.5407453332446
1203,Peru,PER,2006,2338.0954421761708
1204,Peru,PER,2007,1227.3163711187372
1205,Peru,PER,2008,2596.0901335828967
1206,Peru,PER,2009,2507.9063732778886
1207,Peru,PER,2010,-865.9534095410054
1208,Peru,PER,2011,1886.700685419812
1209,Peru,PER,2012,6130.039480232255
1210,Peru,PER,2013,612.4577730893798
1211,Philippines,PHL,2005,6938.982126775816
1212,Philippines,PHL,2006,7395.51805228275
1213,Philippines,PHL,2007,7124.13182168793
1214,Philippines,PHL,2008,5493.768451660282
1215,Philippines,PHL,2009,6840.373401463839
1216,Philippines,PHL,2010,2833.7584264923207
1217,Philippines,PHL,2011,2484.040228991704
1218,Philippines,PHL,2012,2206.568583984932
1219,Philippines,PHL,2013,789.8518596769209
1220,Poland,POL,2005,10473.067743287442
1221,Poland,POL,2006,10553.955688994954
1222,Poland,POL,2007,9174.903133414497
1223,Poland,POL,2008,9128.992354249282
1224,Poland,POL,2009,11253.247523804424
1225,Poland,POL,2010,9090.22641790321
1226,Poland,POL,2011,10269.117145891114
1227,Poland,POL,2012,12131.009822286083
1228,Poland,POL,2013,10793.920392531563
1229,Portugal,PRT,2005,6313.1875836107865
1230,Portugal,PRT,2006,7253.2218779007235
1231,Portugal,PRT,2007,8281.845672246727
1232,Portugal,PRT,2008,5453.028234345955
1233,Portugal,PRT,2009,4773.560477299172
1234,Portugal,PRT,2010,7623.535567677176
1235,Portugal,PRT,2011,7128.359931103689
1236,Portugal,PRT,2012,5909.140635331249
1237,Portugal,PRT,2013,4681.711450604591
1238,Qatar,QAT,2005,765.4138082428838
1239,Qatar,QAT,2006,978.4128924120376
1240,Qatar,QAT,2007,886.392831137401
1241,Qatar,QAT,2008,1361.3834266334948
1242,Qatar,QAT,2009,519.0165411232157
1243,Qatar,QAT,2010,1143.6177514569574
1244,Qatar,QAT,2011,538.2403215298256
1245,Qatar,QAT,2012,675.0361164465363
1246,Qatar,QAT,2013,1050.6724428855766
1247,Reunion,REU,2005,0.0
1248,Reunion,REU,2006,0.0
1249,Reunion,REU,2007,0.0
1250,Reunion,REU,2008,0.0
1251,Reunion,REU,2009,0.0
1252,Reunion,REU,2010,0.0
1253,Reunion,REU,2011,0.0
1254,Reunion,REU,2012,0.0
1255,Reunion,REU,2013,0.0
1256,Romania,ROU,2005,5864.771515867288
1257,Romania,ROU,2006,8030.101299564429
1258,Romania,ROU,2007,2823.99081983484
1259,Romania,ROU,2008,2975.8665675093075
1260,Romania,ROU,2009,2937.429052139809
1261,Romania,ROU,2010,2757.092807509313
1262,Romania,ROU,2011,2893.0275004912883
1263,Romania,ROU,2012,2873.445029566544
1264,Romania,ROU,2013,2909.674530287548
1265,Russia,RUS,2005,97383.82675177776
1266,Russia,RUS,2006,95360.07720625716
1267,Russia,RUS,2007,116063.99100206063
1268,Russia,RUS,2008,115364.81464070913
1269,Russia,RUS,2009,87873.89516093403
1270,Russia,RUS,2010,78568.29697270789
1271,Russia,RUS,2011,67437.70583557265
1272,Russia,RUS,2012,76372.97601748325
1273,Russia,RUS,2013,72298.53333603268
1274,Rwanda,RWA,2005,176.81910651788598
1275,Rwanda,RWA,2006,305.14341012388127
1276,Rwanda,RWA,2007,423.7630109283691
1277,Rwanda,RWA,2008,441.185970022372
1278,Rwanda,RWA,2009,1070.1230810113054
1279,Rwanda,RWA,2010,916.8813234614358
1280,Rwanda,RWA,2011,1033.7246100520786
1281,Rwanda,RWA,2012,1005.5847232793768
1282,Rwanda,RWA,2013,514.2048020749105
1283,Saint Lucia,LCA,2005,76.03458322110586
1284,Saint Lucia,LCA,2006,54.16657139591516
1285,Saint Lucia,LCA,2007,31.341034317714
1286,Saint Lucia,LCA,2008,21.289901488510942
1287,Saint Lucia,LCA,2009,28.163859868921826
1288,Saint Lucia,LCA,2010,34.361159583536335
1289,Saint Lucia,LCA,2011,21.44000330983729
1290,Saint Lucia,LCA,2012,29.490578450202648
1291,Saint Lucia,LCA,2013,26.722255411629003
1292,Saint Vincent and the Grenadines,VCT,2005,0.907584123815621
1293,Saint Vincent and the Grenadines,VCT,2006,2.8570137259469117
1294,Saint Vincent and the Grenadines,VCT,2007,2.7050457659005818
1295,Saint Vincent and the Grenadines,VCT,2008,7.651238573140064
1296,Saint Vincent and the Grenadines,VCT,2009,2.66802575574561
1297,Saint Vincent and the Grenadines,VCT,2010,5.317850337715159
1298,Saint Vincent and the Grenadines,VCT,2011,0.9841174460796868
1299,Saint Vincent and the Grenadines,VCT,2012,0.822893512682775
1300,Saint Vincent and the Grenadines,VCT,2013,0.7390188648998898
1301,Samoa,WSM,2005,31.15932347836361
1302,Samoa,WSM,2006,44.46708115081008
1303,Samoa,WSM,2007,55.501766170018
1304,Samoa,WSM,2008,66.01252079451947
1305,Samoa,WSM,2009,64.35313347070249
1306,Samoa,WSM,2010,68.98973004540834
1307,Samoa,WSM,2011,48.97216627558592
1308,Samoa,WSM,2012,134.0550621947686
1309,Samoa,WSM,2013,82.22559313062003
1310,Sao Tome and Principe,STP,2005,0.0624794914820983
1311,Sao Tome and Principe,STP,2006,0.25545638582088
1312,Sao Tome and Principe,STP,2007,0.3903802741232599
1313,Sao Tome and Principe,STP,2008,2.82835816880784
1314,Sao Tome and Principe,STP,2009,0.26112144529785
1315,Sao Tome and Principe,STP,2010,0.3042035239696799
1316,Sao Tome and Principe,STP,2011,0.29676184768732
1317,Sao Tome and Principe,STP,2012,0.426819273095823
1318,Sao Tome and Principe,STP,2013,0.481548305675518
1319,Saudi Arabia,SAU,2005,15754.187671831174
1320,Saudi Arabia,SAU,2006,17243.53194674547
1321,Saudi Arabia,SAU,2007,16386.579669160827
1322,Saudi Arabia,SAU,2008,14349.520722371171
1323,Saudi Arabia,SAU,2009,16793.645014751222
1324,Saudi Arabia,SAU,2010,17973.12028605069
1325,Saudi Arabia,SAU,2011,20077.278729711263
1326,Saudi Arabia,SAU,2012,28389.527422581887
1327,Saudi Arabia,SAU,2013,24167.08305661236
1328,Senegal,SEN,2005,2254.264489961218
1329,Senegal,SEN,2006,2191.124173037665
1330,Senegal,SEN,2007,1989.6301544522144
1331,Senegal,SEN,2008,2046.098910699028
1332,Senegal,SEN,2009,2094.9849286618432
1333,Senegal,SEN,2010,1711.9619164526816
1334,Senegal,SEN,2011,1712.936427378807
1335,Senegal,SEN,2012,1993.028525913708
1336,Senegal,SEN,2013,1228.4202438469313
1337,Serbia,SRB,2006,1272.7979746681526
1338,Serbia,SRB,2007,612.9686267899725
1339,Serbia,SRB,2008,647.755813502612
1340,Serbia,SRB,2009,637.3385222326608
1341,Serbia,SRB,2010,550.2938760792364
1342,Serbia,SRB,2011,560.6263213217773
1343,Serbia,SRB,2012,757.2033699628038
1344,Serbia,SRB,2013,844.1549307887664
1345,Seychelles,SYC,2005,43.27100701397254
1346,Seychelles,SYC,2006,72.16551869984474
1347,Seychelles,SYC,2007,210.29806723926063
1348,Seychelles,SYC,2008,108.21181117139928
1349,Seychelles,SYC,2009,83.910254446642
1350,Seychelles,SYC,2010,65.0767821396496
1351,Seychelles,SYC,2011,65.78694195480448
1352,Seychelles,SYC,2012,39.51036899137391
1353,Seychelles,SYC,2013,62.13320352276356
1354,Sierra Leone,SLE,2005,69.01461922401177
1355,Sierra Leone,SLE,2006,94.27444256240142
1356,Sierra Leone,SLE,2007,45.24410781908546
1357,Sierra Leone,SLE,2008,46.94843820495953
1358,Sierra Leone,SLE,2009,-203.81327583775052
1359,Sierra Leone,SLE,2010,-150.21835966348408
1360,Sierra Leone,SLE,2011,-234.12741881073453
1361,Sierra Leone,SLE,2012,-211.0670308163808
1362,Sierra Leone,SLE,2013,10.621650348792173
1363,Singapore,SGP,2005,5581.153781832036
1364,Singapore,SGP,2006,6103.890654562259
1365,Singapore,SGP,2007,5365.824190670586
1366,Singapore,SGP,2008,5185.671380147587
1367,Singapore,SGP,2009,5650.090042569794
1368,Singapore,SGP,2010,5771.761192039866
1369,Singapore,SGP,2011,13062.442691419055
1370,Singapore,SGP,2012,17529.597065873826
1371,Singapore,SGP,2013,11014.489397786492
1372,Slovakia,SVK,2005,2291.17811960605
1373,Slovakia,SVK,2006,1351.479788987726
1374,Slovakia,SVK,2007,1984.6941956718383
1375,Slovakia,SVK,2008,1528.4696365991597
1376,Slovakia,SVK,2009,1421.826233688594
1377,Slovakia,SVK,2010,1702.1320784112895
1378,Slovakia,SVK,2011,1197.9988528765632
1379,Slovakia,SVK,2012,2558.400829977143
1380,Slovakia,SVK,2013,2321.7826461544387
1381,Slovenia,SVN,2005,1437.0588185702495
1382,Slovenia,SVN,2006,2667.6966904522674
1383,Slovenia,SVN,2007,1878.484363941291
1384,Slovenia,SVN,2008,1907.497467180308
1385,Slovenia,SVN,2009,2119.631737643546
1386,Slovenia,SVN,2010,1774.6737359630658
1387,Slovenia,SVN,2011,1974.695709366349
1388,Slovenia,SVN,2012,2369.077774936288
1389,Slovenia,SVN,2013,1254.484484766073
1390,Solomon Islands,SLB,2005,0.714697337117022
1391,Solomon Islands,SLB,2006,0.4260032066026301
1392,Solomon Islands,SLB,2007,1.16685738355019
1393,Solomon Islands,SLB,2008,0.5566629162432202
1394,Solomon Islands,SLB,2009,0.8551389073082502
1395,Solomon Islands,SLB,2010,0.0
1396,Solomon Islands,SLB,2011,0.05708450711095
1397,Solomon Islands,SLB,2012,0.0
1398,Solomon Islands,SLB,2013,0.0
1399,Somalia,SOM,2005,524.3616882051858
1400,Somalia,SOM,2006,266.46791783785824
1401,Somalia,SOM,2007,272.5448881937424
1402,Somalia,SOM,2008,461.236007482752
1403,Somalia,SOM,2009,552.923850946014
1404,Somalia,SOM,2010,517.8057531022719
1405,Somalia,SOM,2011,287.7587220489048
1406,Somalia,SOM,2012,300.0654519604569
1407,Somalia,SOM,2013,499.9572643562258
1408,South Africa,ZAF,2005,11816.606809694524
1409,South Africa,ZAF,2006,13714.51590914742
1410,South Africa,ZAF,2007,20053.444349531608
1411,South Africa,ZAF,2008,11827.530615306736
1412,South Africa,ZAF,2009,14481.15930969701
1413,South Africa,ZAF,2010,14567.317472231967
1414,South Africa,ZAF,2011,15192.243734089056
1415,South Africa,ZAF,2012,17497.363980331633
1416,South Africa,ZAF,2013,12726.35736225501
1417,South Korea,KOR,2005,25909.183367844875
1418,South Korea,KOR,2006,24398.53753162641
1419,South Korea,KOR,2007,23710.311410790764
1420,South Korea,KOR,2008,20995.02438505717
1421,South Korea,KOR,2009,23397.470675357832
1422,South Korea,KOR,2010,26943.643560197484
1423,South Korea,KOR,2011,29543.74633971156
1424,South Korea,KOR,2012,37902.58039969637
1425,South Korea,KOR,2013,40224.71328877312
1426,Spain,ESP,2005,31181.35621153871
1427,Spain,ESP,2006,29325.269606875
1428,Spain,ESP,2007,25154.72822409508
1429,Spain,ESP,2008,19293.137214623275
1430,Spain,ESP,2009,13997.926599940962
1431,Spain,ESP,2010,12423.833337622937
1432,Spain,ESP,2011,13826.485599620442
1433,Spain,ESP,2012,19618.51724604096
1434,Spain,ESP,2013,20001.46088458985
1435,Sri Lanka,LKA,2005,1984.2553035944425
1436,Sri Lanka,LKA,2006,6608.225289575294
1437,Sri Lanka,LKA,2007,3978.9122764717495
1438,Sri Lanka,LKA,2008,1267.2611700076031
1439,Sri Lanka,LKA,2009,972.91987617413
1440,Sri Lanka,LKA,2010,1124.502428683454
1441,Sri Lanka,LKA,2011,1534.5662454753765
1442,Sri Lanka,LKA,2012,848.161590843758
1443,Sri Lanka,LKA,2013,1244.1049917341788
1444,Sudan,SDN,2005,815.4210894311841
1445,Sudan,SDN,2006,1058.1189628258653
1446,Sudan,SDN,2007,1533.014398861234
1447,Sudan,SDN,2008,1086.2299154118718
1448,Sudan,SDN,2009,1526.4914399047586
1449,Sudan,SDN,2010,1913.3867047466151
1450,Sudan,SDN,2011,1430.3378917594048
1451,Suriname,SUR,2005,115.9864803123081
1452,Suriname,SUR,2006,123.02830852182176
1453,Suriname,SUR,2007,47.07043250157494
1454,Suriname,SUR,2008,-70.22890207839487
1455,Suriname,SUR,2009,-141.75282094613135
1456,Suriname,SUR,2010,-452.60769429243055
1457,Suriname,SUR,2011,-346.1053788621289
1458,Suriname,SUR,2012,-398.0796892414824
1459,Suriname,SUR,2013,-360.2211658066997
1460,Sweden,SWE,2005,5871.349949343651
1461,Sweden,SWE,2006,5429.303315089049
1462,Sweden,SWE,2007,5164.920931122998
1463,Sweden,SWE,2008,4628.141014982086
1464,Sweden,SWE,2009,4852.419807211831
1465,Sweden,SWE,2010,4140.612411936698
1466,Sweden,SWE,2011,4393.097604557913
1467,Sweden,SWE,2012,4314.559855741674
1468,Sweden,SWE,2013,3733.7887135173646
1469,Switzerland,CHE,2005,3935.277157296057
1470,Switzerland,CHE,2006,4696.528989983445
1471,Switzerland,CHE,2007,3417.249623294634
1472,Switzerland,CHE,2008,4010.339334630877
1473,Switzerland,CHE,2009,5320.452373303505
1474,Switzerland,CHE,2010,3037.340933166646
1475,Switzerland,CHE,2011,3605.7770671625312
1476,Switzerland,CHE,2012,3376.092229372378
1477,Switzerland,CHE,2013,4301.132756638735
1478,Syria,SYR,2005,3182.310894647096
1479,Syria,SYR,2006,2102.1382009233607
1480,Syria,SYR,2007,2432.523234888873
1481,Syria,SYR,2008,2395.1855355622984
1482,Syria,SYR,2009,5467.586183955836
1483,Syria,SYR,2010,3491.169578519997
1484,Syria,SYR,2011,4103.215303378112
1485,Syria,SYR,2012,2095.932587183178
1486,Syria,SYR,2013,1063.0851907525696
1487,Taiwan,TWN,2005,7238.779334400553
1488,Taiwan,TWN,2006,6473.341297997468
1489,Taiwan,TWN,2007,3829.931264837589
1490,Taiwan,TWN,2008,4373.389054466928
1491,Taiwan,TWN,2009,7306.086303692723
1492,Taiwan,TWN,2010,8370.734106422378
1493,Taiwan,TWN,2011,8243.74666056875
1494,Taiwan,TWN,2012,12868.223758684017
1495,Taiwan,TWN,2013,13042.675089979024
1496,Tajikistan,TJK,2005,124.23564378870556
1497,Tajikistan,TJK,2006,78.7997598427767
1498,Tajikistan,TJK,2007,111.83489989558362
1499,Tajikistan,TJK,2008,132.6428592425205
1500,Tajikistan,TJK,2009,92.51576870417466
1501,Tajikistan,TJK,2010,110.45092562937812
1502,Tajikistan,TJK,2011,103.00424710244216
1503,Tajikistan,TJK,2012,104.33288132203889
1504,Tajikistan,TJK,2013,102.27871508947536
1505,Tanzania,TZA,2005,-6028.048056935106
1506,Tanzania,TZA,2006,-6078.42027772154
1507,Tanzania,TZA,2007,-8824.963934231273
1508,Tanzania,TZA,2008,-10674.700148376069
1509,Tanzania,TZA,2009,-16597.681477244478
1510,Tanzania,TZA,2010,-11577.839522293883
1511,Tanzania,TZA,2011,-8665.351027299388
1512,Tanzania,TZA,2012,-10319.703471996268
1513,Tanzania,TZA,2013,-8775.253480564657
1514,Thailand,THA,2005,4431.937768672011
1515,Thailand,THA,2006,1180.0860515793756
1516,Thailand,THA,2007,-13359.097116794072
1517,Thailand,THA,2008,-11302.607681162626
1518,Thailand,THA,2009,-16650.965575948314
1519,Thailand,THA,2010,-27301.989984007872
1520,Thailand,THA,2011,-38037.64866887033
1521,Thailand,THA,2012,-35663.398360432766
1522,Thailand,THA,2013,-44734.72953877921
1523,Timor,TLS,2005,24.85617715447438
1524,Timor,TLS,2006,-6.325990387299612
1525,Timor,TLS,2007,14.92877291495472
1526,Timor,TLS,2008,36.53350043474149
1527,Timor,TLS,2009,129.54322724712696
1528,Timor,TLS,2010,141.3677042684418
1529,Timor,TLS,2011,217.50527257526352
1530,Timor,TLS,2012,189.96233640371892
1531,Timor,TLS,2013,216.4502594862182
1532,Togo,TGO,2005,-316.0927417967323
1533,Togo,TGO,2006,349.6614165297178
1534,Togo,TGO,2007,-399.2993462163363
1535,Togo,TGO,2008,-311.7774133113276
1536,Togo,TGO,2009,-576.923817502538
1537,Togo,TGO,2010,-899.3622051832663
1538,Togo,TGO,2011,-711.9087896479828
1539,Togo,TGO,2012,-500.1706863049944
1540,Togo,TGO,2013,-449.20332515534574
1541,Tonga,TON,2005,2.388688396540012
1542,Tonga,TON,2006,2.860101434667684
1543,Tonga,TON,2007,1.8953546888971409
1544,Tonga,TON,2008,1.2592056230814126
1545,Tonga,TON,2009,1.0437630495633496
1546,Tonga,TON,2010,5.21685262240699
1547,Tonga,TON,2011,3.275308062321403
1548,Tonga,TON,2012,2.8186935981730907
1549,Tonga,TON,2013,0.8715739449727978
1550,Trinidad and Tobago,TTO,2005,776.9253754402399
1551,Trinidad and Tobago,TTO,2006,639.5761535121921
1552,Trinidad and Tobago,TTO,2007,573.9430170150613
1553,Trinidad and Tobago,TTO,2008,469.5023570192185
1554,Trinidad and Tobago,TTO,2009,599.4565832764703
1555,Trinidad and Tobago,TTO,2010,501.8200949454748
1556,Trinidad and Tobago,TTO,2011,512.5182566376809
1557,Trinidad and Tobago,TTO,2012,610.7400749709066
1558,Trinidad and Tobago,TTO,2013,506.7020177872707
1559,Tunisia,TUN,2005,2267.916263870242
1560,Tunisia,TUN,2006,2478.7017462244085
1561,Tunisia,TUN,2007,3007.578764648196
1562,Tunisia,TUN,2008,3687.1788398062754
1563,Tunisia,TUN,2009,3213.5110491532246
1564,Tunisia,TUN,2010,2429.209834570426
1565,Tunisia,TUN,2011,3842.4729722119223
1566,Tunisia,TUN,2012,6020.732909746264
1567,Tunisia,TUN,2013,4351.528693220928
1568,Turkey,TUR,2005,10123.806698002714
1569,Turkey,TUR,2006,11515.3274479151
1570,Turkey,TUR,2007,11151.627526967826
1571,Turkey,TUR,2008,11854.771106619057
1572,Turkey,TUR,2009,11528.105630939472
1573,Turkey,TUR,2010,18491.874667149823
1574,Turkey,TUR,2011,20900.618548420225
1575,Turkey,TUR,2012,21311.34245451649
1576,Turkey,TUR,2013,18569.64497025681
1577,Turkmenistan,TKM,2005,123.56486098457069
1578,Turkmenistan,TKM,2006,40.29654035953374
1579,Turkmenistan,TKM,2007,49.49989321827364
1580,Turkmenistan,TKM,2008,105.82312593538924
1581,Turkmenistan,TKM,2009,144.3795525709786
1582,Turkmenistan,TKM,2010,232.78745540146707
1583,Turkmenistan,TKM,2011,123.68341909060663
1584,Turkmenistan,TKM,2012,261.59943699307
1585,Turkmenistan,TKM,2013,186.98935070295695
1586,Uganda,UGA,2005,-670.355573334673
1587,Uganda,UGA,2006,-1859.160499639689
1588,Uganda,UGA,2007,-4766.781635791831
1589,Uganda,UGA,2008,-4278.235179658001
1590,Uganda,UGA,2009,-4425.983594798894
1591,Uganda,UGA,2010,-3719.0140156956368
1592,Uganda,UGA,2011,-3590.9191534701386
1593,Uganda,UGA,2012,-1022.941017532452
1594,Uganda,UGA,2013,-234.46788817693232
1595,Ukraine,UKR,2005,6523.943621221465
1596,Ukraine,UKR,2006,5838.888964068221
1597,Ukraine,UKR,2007,7941.3869901852895
1598,Ukraine,UKR,2008,6776.842920858077
1599,Ukraine,UKR,2009,4572.923242175622
1600,Ukraine,UKR,2010,2391.181740036001
1601,Ukraine,UKR,2011,3724.7814388024185
1602,Ukraine,UKR,2012,3514.213798633061
1603,Ukraine,UKR,2013,3794.281389552726
1604,United Arab Emirates,ARE,2005,3914.8043679189454
1605,United Arab Emirates,ARE,2006,7914.171746430024
1606,United Arab Emirates,ARE,2007,6826.288924110867
1607,United Arab Emirates,ARE,2008,8978.71982052529
1608,United Arab Emirates,ARE,2009,8615.767845374568
1609,United Arab Emirates,ARE,2010,4474.013172917669
1610,United Arab Emirates,ARE,2011,11249.924788684431
1611,United Arab Emirates,ARE,2012,14680.835581828433
1612,United Arab Emirates,ARE,2013,13125.008500675278
1613,United Kingdom,GBR,2005,50738.05667993748
1614,United Kingdom,GBR,2006,48670.7622337891
1615,United Kingdom,GBR,2007,43308.83609412721
1616,United Kingdom,GBR,2008,38821.87091732765
1617,United Kingdom,GBR,2009,41744.39412289103
1618,United Kingdom,GBR,2010,33865.76612762504
1619,United Kingdom,GBR,2011,30962.9092795461
1620,United Kingdom,GBR,2012,32897.243465201645
1621,United Kingdom,GBR,2013,26483.34578616505
1622,United States,USA,2005,63726.35246904788
1623,United States,USA,2006,65722.10780414847
1624,United States,USA,2007,66465.76131288364
1625,United States,USA,2008,66102.18821302033
1626,United States,USA,2009,65954.19083403317
1627,United States,USA,2010,63677.09744516806
1628,United States,USA,2011,65309.10695541844
1629,United States,USA,2012,60038.02658708079
1630,United States,USA,2013,68427.87244270777
1631,Uruguay,URY,2005,4227.919455930134
1632,Uruguay,URY,2006,-409.470547636447
1633,Uruguay,URY,2007,-6465.629634203428
1634,Uruguay,URY,2008,-1874.6186149303248
1635,Uruguay,URY,2009,-8641.977743055773
1636,Uruguay,URY,2010,-9771.289652284931
1637,Uruguay,URY,2011,-10118.298392004148
1638,Uruguay,URY,2012,-9808.482102711814
1639,Uruguay,URY,2013,-10691.894333059256
1640,Uzbekistan,UZB,2005,236.1447186724428
1641,Uzbekistan,UZB,2006,137.36903511035402
1642,Uzbekistan,UZB,2007,139.2248715682936
1643,Uzbekistan,UZB,2008,163.41135834747658
1644,Uzbekistan,UZB,2009,161.72922877690158
1645,Uzbekistan,UZB,2010,305.68126176955747
1646,Uzbekistan,UZB,2011,229.4760487035544
1647,Uzbekistan,UZB,2012,258.0908695078758
1648,Uzbekistan,UZB,2013,315.64348792686764
1649,Vanuatu,VUT,2005,3.71780305112702
1650,Vanuatu,VUT,2006,3.998095509561344
1651,Vanuatu,VUT,2007,1.913328283677341
1652,Vanuatu,VUT,2008,1.529316988027333
1653,Vanuatu,VUT,2009,2.55409718867519
1654,Vanuatu,VUT,2010,1.8505115443122888
1655,Vanuatu,VUT,2011,2.9530471120926096
1656,Vanuatu,VUT,2012,1.895547735645969
1657,Vanuatu,VUT,2013,1.7636518050641463
1658,Venezuela,VEN,2005,10335.258519756462
1659,Venezuela,VEN,2006,17788.764441705098
1660,Venezuela,VEN,2007,35270.06585076981
1661,Venezuela,VEN,2008,51928.46428603101
1662,Venezuela,VEN,2009,38207.56201594787
1663,Venezuela,VEN,2010,15927.058061435891
1664,Venezuela,VEN,2011,17837.74604469024
1665,Venezuela,VEN,2012,25228.380902134835
1666,Venezuela,VEN,2013,25363.370840538395
1667,Vietnam,VNM,2005,-6602.570897540099
1668,Vietnam,VNM,2006,-3017.6901667026686
1669,Vietnam,VNM,2007,-3357.070327550682
1670,Vietnam,VNM,2008,2049.0230268973537
1671,Vietnam,VNM,2009,4424.768606873258
1672,Vietnam,VNM,2010,-27944.630439758068
1673,Vietnam,VNM,2011,-26524.713134528636
1674,Vietnam,VNM,2012,-20864.409307375376
1675,Vietnam,VNM,2013,-17090.304902430624
1676,Yemen,YEM,2005,2341.8208756948493
1677,Yemen,YEM,2006,2131.7235444430403
1678,Yemen,YEM,2007,2778.652358944228
1679,Yemen,YEM,2008,1831.5327291182823
1680,Yemen,YEM,2009,2512.6756615750783
1681,Yemen,YEM,2010,2782.7410440143626
1682,Yemen,YEM,2011,4432.145168552698
1683,Yemen,YEM,2012,4519.655435456382
1684,Yemen,YEM,2013,3257.757588165577
1685,Zambia,ZMB,2005,-9943.682962205785
1686,Zambia,ZMB,2006,-12969.62096897413
1687,Zambia,ZMB,2007,-9214.315524047546
1688,Zambia,ZMB,2008,-5582.227616945289
1689,Zambia,ZMB,2009,-4415.281078699554
1690,Zambia,ZMB,2010,-12119.540377144584
1691,Zambia,ZMB,2011,-19042.77805713752
1692,Zambia,ZMB,2012,-26349.494887712917
1693,Zambia,ZMB,2013,-22138.28729901171
1694,Zimbabwe,ZWE,2005,1409.2671180791567
1695,Zimbabwe,ZWE,2006,5054.018288454285
1696,Zimbabwe,ZWE,2007,659.662926719695
1697,Zimbabwe,ZWE,2008,890.2954552309675
1698,Zimbabwe,ZWE,2009,-676.4667093988774
1699,Zimbabwe,ZWE,2010,3324.3166679698606
1700,Zimbabwe,ZWE,2011,6031.760749884497
1701,Zimbabwe,ZWE,2012,7555.484737057175
1702,Zimbabwe,ZWE,2013,2919.791059286488
