,Entity,Code,Year,Imported Deforestation
0,Afghanistan,AFG,2005,358.92149596180536
1,Afghanistan,AFG,2006,104.4663756472638
2,Afghanistan,AFG,2007,157.6413263757118
3,Afghanistan,AFG,2008,270.48644663160246
4,Afghanistan,AFG,2009,583.7729544845712
5,Afghanistan,AFG,2010,1132.6910257886716
6,Afghanistan,AFG,2011,663.5228874411983
7,Afghanistan,AFG,2012,687.7361328842524
8,Afghanistan,AFG,2013,652.5734667452028
9,Albania,ALB,2005,1224.2247514450737
10,Albania,ALB,2006,1222.3040421783985
11,Albania,ALB,2007,1556.6877431998214
12,Albania,ALB,2008,1210.8637933477976
13,Albania,ALB,2009,679.0106664965265
14,Albania,ALB,2010,519.2463574257345
15,Albania,ALB,2011,352.39225055737325
16,Albania,ALB,2012,359.2176150446321
17,Albania,ALB,2013,273.9640269580851
18,Algeria,DZA,2005,17244.309411030055
19,Algeria,DZA,2006,15153.087645543408
20,Algeria,DZA,2007,14109.3499962989
21,Algeria,DZA,2008,15078.898248073649
22,Algeria,DZA,2009,18066.455748276825
23,Algeria,DZA,2010,14828.68192168215
24,Algeria,DZA,2011,16739.51042082115
25,Algeria,DZA,2012,20090.36237785509
26,Algeria,DZA,2013,17952.924035519572
27,Angola,AGO,2005,3868.14692732392
28,Angola,AGO,2006,5718.385469785557
29,Angola,AGO,2007,6797.398314346938
30,Angola,AGO,2008,9297.8917731212
31,Angola,AGO,2009,5601.757255705292
32,Angola,AGO,2010,4202.782775863831
33,Angola,AGO,2011,5311.760519934003
34,Angola,AGO,2012,6231.291229646886
35,Angola,AGO,2013,5823.8892067475535
36,Argentina,ARG,2005,2187.940543789998
37,Argentina,ARG,2006,3501.9475031220936
38,Argentina,ARG,2007,6071.241915288323
39,Argentina,ARG,2008,8054.597083029395
40,Argentina,ARG,2009,4418.672987378057
41,Argentina,ARG,2010,3094.9223659904965
42,Argentina,ARG,2011,1967.6172665825
43,Argentina,ARG,2012,1831.000114446768
44,Argentina,ARG,2013,2288.38009757534
45,Armenia,ARM,2005,394.9241922352245
46,Armenia,ARM,2006,340.7487193876024
47,Armenia,ARM,2007,354.5662050897795
48,Armenia,ARM,2008,422.6645452645498
49,Armenia,ARM,2009,371.654997844516
50,Armenia,ARM,2010,515.9098275516429
51,Armenia,ARM,2011,385.1147633973085
52,Armenia,ARM,2012,386.4560568862988
53,Armenia,ARM,2013,434.5095624817805
54,Aruba,ABW,2005,945.5230016467336
55,Aruba,ABW,2006,930.289564243816
56,Aruba,ABW,2007,733.3348643722943
57,Aruba,ABW,2008,819.2302295396174
58,Aruba,ABW,2009,247.85487066203257
59,Aruba,ABW,2010,224.03141384201447
60,Aruba,ABW,2011,148.55131235975176
61,Aruba,ABW,2012,146.98547463782222
62,Aruba,ABW,2013,137.89598724919168
63,Australia,AUS,2005,3405.3733933894478
64,Australia,AUS,2006,4388.479080907368
65,Australia,AUS,2007,6257.670050293789
66,Australia,AUS,2008,6108.737875719715
67,Australia,AUS,2009,6370.030394820053
68,Australia,AUS,2010,5273.130649671661
69,Australia,AUS,2011,5131.316341778071
70,Australia,AUS,2012,5286.009406958907
71,Australia,AUS,2013,4361.945171784719
72,Austria,AUT,2005,3249.590435925199
73,Austria,AUT,2006,3189.1081311816138
74,Austria,AUT,2007,3124.47690808923
75,Austria,AUT,2008,2825.24750889466
76,Austria,AUT,2009,2996.258703601298
77,Austria,AUT,2010,2908.5189438873144
78,Austria,AUT,2011,3078.8971968295195
79,Austria,AUT,2012,2973.2592103286865
80,Austria,AUT,2013,2419.815321901436
81,Azerbaijan,AZE,2005,506.9372207491136
82,Azerbaijan,AZE,2006,565.5611193200065
83,Azerbaijan,AZE,2007,633.0649266170088
84,Azerbaijan,AZE,2008,733.2650190154353
85,Azerbaijan,AZE,2009,719.523197000162
86,Azerbaijan,AZE,2010,729.0495624922095
87,Azerbaijan,AZE,2011,761.2058639278591
88,Azerbaijan,AZE,2012,1084.604940867554
89,Azerbaijan,AZE,2013,903.3685955874996
90,Bahamas,BHS,2005,150.15736740233362
91,Bahamas,BHS,2006,82.48117009638136
92,Bahamas,BHS,2007,120.7914067626192
93,Bahamas,BHS,2008,87.11489384983079
94,Bahamas,BHS,2009,129.12929212529676
95,Bahamas,BHS,2010,132.55640610833385
96,Bahamas,BHS,2011,134.79366445147377
97,Bahamas,BHS,2012,190.66443025585804
98,Bahamas,BHS,2013,148.12235770040988
99,Bahrain,BHR,2005,537.082093268796
100,Bahrain,BHR,2006,484.15357396891824
101,Bahrain,BHR,2007,487.6440798037008
102,Bahrain,BHR,2008,408.0077854089194
103,Bahrain,BHR,2009,490.92598594549736
104,Bahrain,BHR,2010,1559.5505155840424
105,Bahrain,BHR,2011,889.320076310925
106,Bahrain,BHR,2012,970.2994831285351
107,Bahrain,BHR,2013,755.1940543340071
108,Bangladesh,BGD,2005,7354.45848025103
109,Bangladesh,BGD,2006,15567.484732681209
110,Bangladesh,BGD,2007,21544.34059283081
111,Bangladesh,BGD,2008,11525.282114780131
112,Bangladesh,BGD,2009,18154.293007780296
113,Bangladesh,BGD,2010,16532.266436400583
114,Bangladesh,BGD,2011,19291.72258444186
115,Bangladesh,BGD,2012,17006.658520173845
116,Bangladesh,BGD,2013,15269.22705058326
117,Barbados,BRB,2005,154.87637626218122
118,Barbados,BRB,2006,118.51849437926892
119,Barbados,BRB,2007,158.23714404279482
120,Barbados,BRB,2008,120.37928585160417
121,Barbados,BRB,2009,155.73489330495516
122,Barbados,BRB,2010,141.95689264491932
123,Barbados,BRB,2011,197.7968017188659
124,Barbados,BRB,2012,112.17605872342428
125,Barbados,BRB,2013,155.3028102909633
126,Belarus,BLR,2005,897.0999102038485
127,Belarus,BLR,2006,1041.260443768123
128,Belarus,BLR,2007,812.6171200315501
129,Belarus,BLR,2008,1015.1251065876716
130,Belarus,BLR,2009,1078.2592240400238
131,Belarus,BLR,2010,965.3895528824098
132,Belarus,BLR,2011,1293.240316656072
133,Belarus,BLR,2012,1719.3441451542033
134,Belarus,BLR,2013,1062.036103906374
135,Belgium,BEL,2005,12588.616692041902
136,Belgium,BEL,2006,15538.825245090842
137,Belgium,BEL,2007,13476.1546803797
138,Belgium,BEL,2008,13660.343421195355
139,Belgium,BEL,2009,14655.204786694025
140,Belgium,BEL,2010,11481.467259347151
141,Belgium,BEL,2011,11437.457491538667
142,Belgium,BEL,2012,10251.305417852986
143,Belgium,BEL,2013,8520.40599977923
144,Belize,BLZ,2005,67.15953695765609
145,Belize,BLZ,2006,64.86364303736889
146,Belize,BLZ,2007,69.0383898280084
147,Belize,BLZ,2008,43.04530645567411
148,Belize,BLZ,2009,36.89841295231656
149,Belize,BLZ,2010,47.13688792729067
150,Belize,BLZ,2011,56.15154993622491
151,Belize,BLZ,2012,49.08627890569551
152,Belize,BLZ,2013,54.58252074349491
153,Benin,BEN,2005,516.5904471825684
154,Benin,BEN,2006,1204.8317036383196
155,Benin,BEN,2007,1211.4338021787055
156,Benin,BEN,2008,1716.5418591457556
157,Benin,BEN,2009,1652.631238903552
158,Benin,BEN,2010,1629.9588259044883
159,Benin,BEN,2011,2879.523165788338
160,Benin,BEN,2012,1335.191194703656
161,Benin,BEN,2013,1268.3379013569906
162,Bermuda,BMU,2005,48.13399357728148
163,Bermuda,BMU,2006,42.08651838891179
164,Bermuda,BMU,2007,30.410989862161337
165,Bermuda,BMU,2008,24.458130278476933
166,Bermuda,BMU,2009,20.234669614114456
167,Bermuda,BMU,2010,19.97422417106444
168,Bermuda,BMU,2011,14.730552020380609
169,Bermuda,BMU,2012,14.334305986870255
170,Bermuda,BMU,2013,16.248051428864517
171,Bhutan,BTN,2005,9.734234613820265
172,Bhutan,BTN,2006,1.0217080023040808
173,Bhutan,BTN,2007,3.0960761650859467
174,Bhutan,BTN,2008,7.746569417334967
175,Bhutan,BTN,2009,9.258965296241172
176,Bhutan,BTN,2010,23.18623648408953
177,Bhutan,BTN,2011,12.67132797323245
178,Bhutan,BTN,2012,23.36502153282197
179,Bhutan,BTN,2013,3.883613041274941
180,Bosnia and Herzegovina,BIH,2005,835.4043657458707
181,Bosnia and Herzegovina,BIH,2006,1034.2814581774342
182,Bosnia and Herzegovina,BIH,2007,927.4697520673238
183,Bosnia and Herzegovina,BIH,2008,888.0966309760327
184,Bosnia and Herzegovina,BIH,2009,706.1314863358123
185,Bosnia and Herzegovina,BIH,2010,561.1491182849487
186,Bosnia and Herzegovina,BIH,2011,481.3237411861324
187,Bosnia and Herzegovina,BIH,2012,551.6481902118034
188,Bosnia and Herzegovina,BIH,2013,533.1941440209536
189,Botswana,BWA,2005,31.88795927802103
190,Botswana,BWA,2006,42.29031921260594
191,Botswana,BWA,2007,416.9900840125669
192,Botswana,BWA,2008,357.1755042613662
193,Botswana,BWA,2009,560.3536455502403
194,Botswana,BWA,2010,776.2450900399164
195,Botswana,BWA,2011,435.7265599462796
196,Botswana,BWA,2012,1227.523235680069
197,Botswana,BWA,2013,973.4923123361172
198,Brazil,BRA,2005,15707.33144164062
199,Brazil,BRA,2006,15199.871825420996
200,Brazil,BRA,2007,20101.836007149657
201,Brazil,BRA,2008,26418.938199674245
202,Brazil,BRA,2009,41847.563762230566
203,Brazil,BRA,2010,39587.72144783312
204,Brazil,BRA,2011,38832.59675729904
205,Brazil,BRA,2012,49334.82538843574
206,Brazil,BRA,2013,37769.96781122242
207,Brunei,BRN,2005,135.01101105325858
208,Brunei,BRN,2006,204.49669613847956
209,Brunei,BRN,2007,176.93956013123525
210,Brunei,BRN,2008,140.93552586536396
211,Brunei,BRN,2009,176.36624461349356
212,Brunei,BRN,2010,168.40914232041916
213,Brunei,BRN,2011,180.4652298997005
214,Brunei,BRN,2012,215.63773706112363
215,Brunei,BRN,2013,257.15585704290254
216,Bulgaria,BGR,2005,9578.184352500182
217,Bulgaria,BGR,2006,10710.997790877427
218,Bulgaria,BGR,2007,1363.9428158036278
219,Bulgaria,BGR,2008,1401.0656743337374
220,Bulgaria,BGR,2009,1651.106294732525
221,Bulgaria,BGR,2010,1455.3684041551248
222,Bulgaria,BGR,2011,1476.3830061993588
223,Bulgaria,BGR,2012,1481.1377273225226
224,Bulgaria,BGR,2013,1423.7521503901348
225,Burkina Faso,BFA,2005,149.52099836106134
226,Burkina Faso,BFA,2006,188.66265768793983
227,Burkina Faso,BFA,2007,171.72230133122483
228,Burkina Faso,BFA,2008,130.84336364994513
229,Burkina Faso,BFA,2009,610.2074610244927
230,Burkina Faso,BFA,2010,522.8580369972788
231,Burkina Faso,BFA,2011,587.5443246120251
232,Burkina Faso,BFA,2012,466.0123636572888
233,Burkina Faso,BFA,2013,614.6232232849583
234,Burundi,BDI,2005,79.49272873600057
235,Burundi,BDI,2006,146.6016467034018
236,Burundi,BDI,2007,162.45375002290984
237,Burundi,BDI,2008,117.44307263441648
238,Burundi,BDI,2009,176.6651556464351
239,Burundi,BDI,2010,166.24369560065816
240,Burundi,BDI,2011,152.43757531623828
241,Burundi,BDI,2012,576.5577394946724
242,Burundi,BDI,2013,227.82478018363167
243,Cambodia,KHM,2005,292.0745146947811
244,Cambodia,KHM,2006,457.0806251560716
245,Cambodia,KHM,2007,469.8645259249315
246,Cambodia,KHM,2008,434.3938443877196
247,Cambodia,KHM,2009,625.3823268303604
248,Cambodia,KHM,2010,514.1720320232307
249,Cambodia,KHM,2011,623.1864933505021
250,Cambodia,KHM,2012,676.2241514873094
251,Cambodia,KHM,2013,562.7681927440717
252,Cameroon,CMR,2005,501.61799204972885
253,Cameroon,CMR,2006,512.1021447841777
254,Cameroon,CMR,2007,383.7923056978325
255,Cameroon,CMR,2008,579.2048717812431
256,Cameroon,CMR,2009,1094.8259100092728
257,Cameroon,CMR,2010,895.43789712125
258,Cameroon,CMR,2011,959.3042870108112
259,Cameroon,CMR,2012,1125.977857532078
260,Cameroon,CMR,2013,863.937488247142
261,Canada,CAN,2005,5387.216305163992
262,Canada,CAN,2006,5533.022948961417
263,Canada,CAN,2007,6331.469014438771
264,Canada,CAN,2008,5030.494172099739
265,Canada,CAN,2009,5503.007116610943
266,Canada,CAN,2010,6050.570249285576
267,Canada,CAN,2011,5542.45849958118
268,Canada,CAN,2012,5744.721993414849
269,Canada,CAN,2013,5401.245027811636
270,Cape Verde,CPV,2005,169.23590589098393
271,Cape Verde,CPV,2006,224.5620265392368
272,Cape Verde,CPV,2007,234.88271077893643
273,Cape Verde,CPV,2008,230.85490102024
274,Cape Verde,CPV,2009,192.1516134647804
275,Cape Verde,CPV,2010,201.13324885245464
276,Cape Verde,CPV,2011,206.31682173185027
277,Cape Verde,CPV,2012,225.29909264433152
278,Cape Verde,CPV,2013,279.16790893541054
279,Cayman Islands,CYM,2005,5123.366656466503
280,Cayman Islands,CYM,2006,6627.429200334626
281,Cayman Islands,CYM,2007,4493.96286534038
282,Cayman Islands,CYM,2008,743.636878186115
283,Cayman Islands,CYM,2009,1747.079022296159
284,Cayman Islands,CYM,2010,25.41865991569353
285,Cayman Islands,CYM,2011,45.87063517438265
286,Cayman Islands,CYM,2012,217.78160134625747
287,Cayman Islands,CYM,2013,35.20645052364823
288,Central African Republic,CAF,2005,48.941719208793074
289,Central African Republic,CAF,2006,7.805721683027514
290,Central African Republic,CAF,2007,40.45390109063828
291,Central African Republic,CAF,2008,72.54615220350024
292,Central African Republic,CAF,2009,64.3447737405586
293,Central African Republic,CAF,2010,65.54058575768431
294,Central African Republic,CAF,2011,65.93036979087356
295,Central African Republic,CAF,2012,57.61016393601221
296,Central African Republic,CAF,2013,47.78050773233281
297,Chad,TCD,2005,27.238260991793595
298,Chad,TCD,2006,10.309003399315316
299,Chad,TCD,2007,19.438916841412265
300,Chad,TCD,2008,18.69591697171745
301,Chad,TCD,2009,78.35240244751276
302,Chad,TCD,2010,164.65046848590646
303,Chad,TCD,2011,18.084614985951703
304,Chad,TCD,2012,20.07941636202486
305,Chad,TCD,2013,15.06424093705391
306,Chile,CHL,2005,24507.61878068962
307,Chile,CHL,2006,19376.443497283217
308,Chile,CHL,2007,36449.636977112
309,Chile,CHL,2008,33276.223681592
310,Chile,CHL,2009,37190.15251931227
311,Chile,CHL,2010,31897.148720356283
312,Chile,CHL,2011,27696.423339328885
313,Chile,CHL,2012,25361.67638994884
314,Chile,CHL,2013,26662.602775021704
315,China,CHN,2005,149357.91818933285
316,China,CHN,2006,171139.46372269062
317,China,CHN,2007,154436.96259728135
318,China,CHN,2008,150654.10159678847
319,China,CHN,2009,188946.85510863992
320,China,CHN,2010,215512.2609176964
321,China,CHN,2011,220344.3150551685
322,China,CHN,2012,276111.3234392081
323,China,CHN,2013,270174.0556825453
324,Colombia,COL,2005,9519.972150630989
325,Colombia,COL,2006,8294.69982276854
326,Colombia,COL,2007,10597.327365277451
327,Colombia,COL,2008,11258.076611485563
328,Colombia,COL,2009,13089.734620796196
329,Colombia,COL,2010,12315.564807039598
330,Colombia,COL,2011,14141.8929794781
331,Colombia,COL,2012,17827.884869777918
332,Colombia,COL,2013,11752.870463784971
333,Congo,COG,2005,328.99009263158405
334,Congo,COG,2006,488.2409582968157
335,Congo,COG,2007,597.0665708235865
336,Congo,COG,2008,655.9615502007637
337,Congo,COG,2009,3046.4557097019588
338,Congo,COG,2010,1579.1352886786935
339,Congo,COG,2011,1493.2732826963802
340,Congo,COG,2012,1310.627037418475
341,Congo,COG,2013,602.9662809030342
342,Cook Islands,COK,2005,1.200044017036242
343,Cook Islands,COK,2006,1.2148571676952704
344,Cook Islands,COK,2007,3.2675781650302524
345,Cook Islands,COK,2008,4.45409703005781
346,Cook Islands,COK,2009,3.9468958206646887
347,Cook Islands,COK,2010,7.90036868695242
348,Cook Islands,COK,2011,4.010689537372227
349,Cook Islands,COK,2012,5.015614895881695
350,Cook Islands,COK,2013,4.781795490609457
351,Costa Rica,CRI,2005,1299.6789445507172
352,Costa Rica,CRI,2006,1143.9647478639283
353,Costa Rica,CRI,2007,1348.626477197652
354,Costa Rica,CRI,2008,1537.1000125764103
355,Costa Rica,CRI,2009,912.4799753467514
356,Costa Rica,CRI,2010,836.44594751165
357,Costa Rica,CRI,2011,1017.3430943165722
358,Costa Rica,CRI,2012,1195.1167611077
359,Costa Rica,CRI,2013,2432.762891552582
360,Cote d'Ivoire,CIV,2005,640.7314261453721
361,Cote d'Ivoire,CIV,2006,852.593282547612
362,Cote d'Ivoire,CIV,2007,779.346715081796
363,Cote d'Ivoire,CIV,2008,824.2928764422759
364,Cote d'Ivoire,CIV,2009,1303.8017844400674
365,Cote d'Ivoire,CIV,2010,1633.363777626073
366,Cote d'Ivoire,CIV,2011,1318.6345390754325
367,Cote d'Ivoire,CIV,2012,1307.2222057801591
368,Cote d'Ivoire,CIV,2013,819.3359063476546
369,Croatia,HRV,2005,1631.4015496348482
370,Croatia,HRV,2006,1706.7051742954989
371,Croatia,HRV,2007,1588.3840849779313
372,Croatia,HRV,2008,1120.233069708397
373,Croatia,HRV,2009,903.6928756621978
374,Croatia,HRV,2010,818.6889584583935
375,Croatia,HRV,2011,733.3937890391115
376,Croatia,HRV,2012,915.0281007629586
377,Croatia,HRV,2013,741.4627994139273
378,Cuba,CUB,2005,2168.0798629922465
379,Cuba,CUB,2006,2753.547715026958
380,Cuba,CUB,2007,1272.3040891338078
381,Cuba,CUB,2008,1610.046551164125
382,Cuba,CUB,2009,640.6075463472498
383,Cuba,CUB,2010,1742.8678737292705
384,Cuba,CUB,2011,1829.3824057452675
385,Cuba,CUB,2012,2118.81716592269
386,Cuba,CUB,2013,2297.5679574174083
387,Cyprus,CYP,2005,597.209589407185
388,Cyprus,CYP,2006,539.9317347170005
389,Cyprus,CYP,2007,599.9141011466854
390,Cyprus,CYP,2008,705.9332003126915
391,Cyprus,CYP,2009,667.9000148992069
392,Cyprus,CYP,2010,493.1122982489759
393,Cyprus,CYP,2011,453.94235007556455
394,Cyprus,CYP,2012,484.0977319244495
395,Cyprus,CYP,2013,400.2523007941369
396,Democratic Republic of Congo,COD,2005,1003.1935063352356
397,Democratic Republic of Congo,COD,2006,1020.9209188087408
398,Democratic Republic of Congo,COD,2007,1988.5943699669297
399,Democratic Republic of Congo,COD,2008,2258.7507675745
400,Democratic Republic of Congo,COD,2009,1405.2493267480604
401,Democratic Republic of Congo,COD,2010,1543.5041238878912
402,Democratic Republic of Congo,COD,2011,1682.1204482836038
403,Democratic Republic of Congo,COD,2012,1787.079339434713
404,Democratic Republic of Congo,COD,2013,2138.80815867371
405,Denmark,DNK,2005,5967.090391882574
406,Denmark,DNK,2006,5191.716871511955
407,Denmark,DNK,2007,4730.60381099486
408,Denmark,DNK,2008,3985.135589593306
409,Denmark,DNK,2009,4432.20328821127
410,Denmark,DNK,2010,4020.957596029464
411,Denmark,DNK,2011,4341.193227885779
412,Denmark,DNK,2012,4052.355998732073
413,Denmark,DNK,2013,2959.179475920687
414,Djibouti,DJI,2005,397.7590565474455
415,Djibouti,DJI,2006,1366.587473773464
416,Djibouti,DJI,2007,1456.1584044232563
417,Djibouti,DJI,2008,1135.0944489883334
418,Djibouti,DJI,2009,1464.7568636923972
419,Djibouti,DJI,2010,1454.1649202408128
420,Djibouti,DJI,2011,2598.799476557449
421,Djibouti,DJI,2012,4310.76149152313
422,Djibouti,DJI,2013,3679.354354821133
423,Dominica,DMA,2005,6.623912702171776
424,Dominica,DMA,2006,5.1428391298865765
425,Dominica,DMA,2007,1.7636065100445744
426,Dominica,DMA,2008,2.1941716913083136
427,Dominica,DMA,2009,2.701826305288045
428,Dominica,DMA,2010,1.7783755346300023
429,Dominica,DMA,2011,2.2188355659985595
430,Dominica,DMA,2012,0.6779192406687001
431,Dominica,DMA,2013,0.8473112757999801
432,Dominican Republic,DOM,2005,1372.6471537050202
433,Dominican Republic,DOM,2006,979.1834447569744
434,Dominican Republic,DOM,2007,874.53026581021
435,Dominican Republic,DOM,2008,906.838043932994
436,Dominican Republic,DOM,2009,891.3523519412174
437,Dominican Republic,DOM,2010,1653.9776468651544
438,Dominican Republic,DOM,2011,1525.6515109388292
439,Dominican Republic,DOM,2012,3462.847271339502
440,Dominican Republic,DOM,2013,2134.527925103936
441,Ecuador,ECU,2005,2244.1017084642863
442,Ecuador,ECU,2006,2774.657866000889
443,Ecuador,ECU,2007,2676.7356159144983
444,Ecuador,ECU,2008,3437.2833839880914
445,Ecuador,ECU,2009,4129.090051978506
446,Ecuador,ECU,2010,3341.4779537550385
447,Ecuador,ECU,2011,3557.140027622947
448,Ecuador,ECU,2012,2687.158391763569
449,Ecuador,ECU,2013,1861.36247540524
450,Egypt,EGY,2005,33345.75037693067
451,Egypt,EGY,2006,43026.19822253586
452,Egypt,EGY,2007,32999.073146141374
453,Egypt,EGY,2008,24416.45691736247
454,Egypt,EGY,2009,12113.844879341805
455,Egypt,EGY,2010,37429.91299228116
456,Egypt,EGY,2011,28909.84133957946
457,Egypt,EGY,2012,42119.3540930024
458,Egypt,EGY,2013,41038.2246317709
459,El Salvador,SLV,2005,4263.078226359984
460,El Salvador,SLV,2006,4280.101684915857
461,El Salvador,SLV,2007,4697.289841572983
462,El Salvador,SLV,2008,5301.467764669807
463,El Salvador,SLV,2009,5743.178692849789
464,El Salvador,SLV,2010,4968.021941126104
465,El Salvador,SLV,2011,4389.748689785439
466,El Salvador,SLV,2012,3602.102261718522
467,El Salvador,SLV,2013,3239.938935997133
468,Equatorial Guinea,GNQ,2005,282.2279090514494
469,Equatorial Guinea,GNQ,2006,161.80836800291968
470,Equatorial Guinea,GNQ,2007,284.6623736248669
471,Equatorial Guinea,GNQ,2008,282.46515732126176
472,Equatorial Guinea,GNQ,2009,194.47879173924247
473,Equatorial Guinea,GNQ,2010,128.46672076045488
474,Equatorial Guinea,GNQ,2011,194.2103533298927
475,Equatorial Guinea,GNQ,2012,188.81950743820371
476,Equatorial Guinea,GNQ,2013,200.0326345717956
477,Eritrea,ERI,2005,81.81945382018384
478,Eritrea,ERI,2006,36.22651734925624
479,Eritrea,ERI,2007,33.77784388416208
480,Eritrea,ERI,2008,27.22043494132661
481,Eritrea,ERI,2009,66.72235210379625
482,Eritrea,ERI,2010,37.959392893613725
483,Eritrea,ERI,2011,111.79704682050608
484,Eritrea,ERI,2012,79.72067725853852
485,Eritrea,ERI,2013,90.4339144791915
486,Estonia,EST,2005,236.64545802442169
487,Estonia,EST,2006,267.00562862221864
488,Estonia,EST,2007,352.1651294957718
489,Estonia,EST,2008,214.2830200657613
490,Estonia,EST,2009,212.29284225262293
491,Estonia,EST,2010,186.8700633472539
492,Estonia,EST,2011,233.65890242819145
493,Estonia,EST,2012,292.23187960460706
494,Estonia,EST,2013,356.7086262012318
495,Ethiopia,ETH,2005,207.72003173726264
496,Ethiopia,ETH,2006,294.15732202030813
497,Ethiopia,ETH,2007,537.9305456734946
498,Ethiopia,ETH,2008,1083.3079344846155
499,Ethiopia,ETH,2009,1509.380204537727
500,Ethiopia,ETH,2010,1844.9689613384544
501,Ethiopia,ETH,2011,2448.529965162801
502,Ethiopia,ETH,2012,4462.491289955775
503,Ethiopia,ETH,2013,3475.7472078161227
504,Fiji,FJI,2005,131.30427944260862
505,Fiji,FJI,2006,142.28110102856
506,Fiji,FJI,2007,165.11583272385553
507,Fiji,FJI,2008,170.18595730848438
508,Fiji,FJI,2009,179.41035369789574
509,Fiji,FJI,2010,181.9788580830322
510,Fiji,FJI,2011,178.54991114551046
511,Fiji,FJI,2012,183.2383084003385
512,Fiji,FJI,2013,120.66626347703108
513,Finland,FIN,2005,2329.350317770145
514,Finland,FIN,2006,1986.3737045773416
515,Finland,FIN,2007,2639.791640747863
516,Finland,FIN,2008,2103.82937696088
517,Finland,FIN,2009,1864.770879133472
518,Finland,FIN,2010,2008.8793961290469
519,Finland,FIN,2011,1706.7450247267586
520,Finland,FIN,2012,2448.482457802878
521,Finland,FIN,2013,1388.855756683662
522,France,FRA,2005,39049.00127015411
523,France,FRA,2006,36215.11105849618
524,France,FRA,2007,32482.639386598992
525,France,FRA,2008,29031.762760887
526,France,FRA,2009,26503.01263233088
527,France,FRA,2010,24171.714236792875
528,France,FRA,2011,23363.77182433053
529,France,FRA,2012,25091.081856529177
530,France,FRA,2013,21888.559406761666
531,French Guiana,GUF,2005,0.0
532,French Guiana,GUF,2006,0.0
533,French Guiana,GUF,2007,0.0
534,French Guiana,GUF,2008,0.0
535,French Guiana,GUF,2009,0.0
536,French Guiana,GUF,2010,0.0
537,French Guiana,GUF,2011,0.0
538,French Guiana,GUF,2012,0.0
539,French Guiana,GUF,2013,0.0
540,French Polynesia,PYF,2005,90.40063278700454
541,French Polynesia,PYF,2006,169.59002882417627
542,French Polynesia,PYF,2007,395.5386844630799
543,French Polynesia,PYF,2008,228.6491392588379
544,French Polynesia,PYF,2009,97.27309760748656
545,French Polynesia,PYF,2010,104.20793753810878
546,French Polynesia,PYF,2011,102.08319577620038
547,French Polynesia,PYF,2012,93.49245206305127
548,French Polynesia,PYF,2013,101.02333601311778
549,Gabon,GAB,2005,569.0582127231996
550,Gabon,GAB,2006,595.996516206324
551,Gabon,GAB,2007,619.4469619174351
552,Gabon,GAB,2008,507.46557565528656
553,Gabon,GAB,2009,709.4225592087123
554,Gabon,GAB,2010,465.5658677896509
555,Gabon,GAB,2011,492.6066203862165
556,Gabon,GAB,2012,493.12302965654544
557,Gabon,GAB,2013,476.9570361787587
558,Gambia,GMB,2005,342.8153365280088
559,Gambia,GMB,2006,431.9437364362503
560,Gambia,GMB,2007,326.116532353336
561,Gambia,GMB,2008,254.6505374309825
562,Gambia,GMB,2009,690.129265526887
563,Gambia,GMB,2010,572.5560880555968
564,Gambia,GMB,2011,773.2159680418773
565,Gambia,GMB,2012,698.7360257837274
566,Gambia,GMB,2013,128.90233627073013
567,Georgia,GEO,2005,519.7614798657706
568,Georgia,GEO,2006,596.6114763726274
569,Georgia,GEO,2007,606.9977172461606
570,Georgia,GEO,2008,603.5908428496654
571,Georgia,GEO,2009,487.1544659966498
572,Georgia,GEO,2010,492.31749069983584
573,Georgia,GEO,2011,703.0249488715591
574,Georgia,GEO,2012,1157.3287531756164
575,Georgia,GEO,2013,902.3800168259085
576,Germany,DEU,2005,46834.52913764328
577,Germany,DEU,2006,48728.38627927452
578,Germany,DEU,2007,51240.46001920746
579,Germany,DEU,2008,45485.67892834225
580,Germany,DEU,2009,48914.77767460314
581,Germany,DEU,2010,46622.59161515343
582,Germany,DEU,2011,42165.76320807876
583,Germany,DEU,2012,45163.42441463516
584,Germany,DEU,2013,36883.039541359256
585,Ghana,GHA,2005,1256.9366398512975
586,Ghana,GHA,2006,1641.7318023345797
587,Ghana,GHA,2007,1479.9421954053323
588,Ghana,GHA,2008,1441.0375123911365
589,Ghana,GHA,2009,1353.6735957233325
590,Ghana,GHA,2010,1483.505898231073
591,Ghana,GHA,2011,1773.829520347539
592,Ghana,GHA,2012,1666.7771381865605
593,Ghana,GHA,2013,1721.6030789302931
594,Greece,GRC,2005,5784.442423236345
595,Greece,GRC,2006,6346.661807395725
596,Greece,GRC,2007,6509.398309002201
597,Greece,GRC,2008,5387.7575903489005
598,Greece,GRC,2009,6728.903705421539
599,Greece,GRC,2010,5237.849038267371
600,Greece,GRC,2011,4902.038650421031
601,Greece,GRC,2012,6206.695524046101
602,Greece,GRC,2013,4655.669463512233
603,Grenada,GRD,2005,81.3853222116429
604,Grenada,GRD,2006,66.20026893701275
605,Grenada,GRD,2007,52.47789716801019
606,Grenada,GRD,2008,48.44228227887753
607,Grenada,GRD,2009,35.79009993050438
608,Grenada,GRD,2010,37.33733122313679
609,Grenada,GRD,2011,52.50633814967662
610,Grenada,GRD,2012,28.74710891887373
611,Grenada,GRD,2013,25.60956414776249
612,Guadeloupe,GLP,2005,0.0
613,Guadeloupe,GLP,2006,0.0
614,Guadeloupe,GLP,2007,0.0
615,Guadeloupe,GLP,2008,0.0
616,Guadeloupe,GLP,2009,0.0
617,Guadeloupe,GLP,2010,0.0
618,Guadeloupe,GLP,2011,0.0
619,Guatemala,GTM,2005,1099.6134110882867
620,Guatemala,GTM,2006,1299.851319711962
621,Guatemala,GTM,2007,1543.848025862295
622,Guatemala,GTM,2008,1273.1274427349226
623,Guatemala,GTM,2009,1383.4096729704745
624,Guatemala,GTM,2010,775.568032662226
625,Guatemala,GTM,2011,1016.6282762527426
626,Guatemala,GTM,2012,1363.929662423352
627,Guatemala,GTM,2013,1428.6000395072117
628,Guinea,GIN,2005,230.58896208652004
629,Guinea,GIN,2006,183.0851379285814
630,Guinea,GIN,2007,377.106033971646
631,Guinea,GIN,2008,474.05791040116674
632,Guinea,GIN,2009,376.0998387935251
633,Guinea,GIN,2010,487.2092499995124
634,Guinea,GIN,2011,503.136280991228
635,Guinea,GIN,2012,848.9500976206982
636,Guinea,GIN,2013,854.253311850618
637,Guinea-Bissau,GNB,2005,10.921058841249987
638,Guinea-Bissau,GNB,2006,57.61812782647712
639,Guinea-Bissau,GNB,2007,105.61102934548468
640,Guinea-Bissau,GNB,2008,97.25292860932382
641,Guinea-Bissau,GNB,2009,146.87590163858113
642,Guinea-Bissau,GNB,2010,105.0388492880088
643,Guinea-Bissau,GNB,2011,403.0878459891228
644,Guinea-Bissau,GNB,2012,52.50733591492599
645,Guinea-Bissau,GNB,2013,78.35227489062527
646,Guyana,GUY,2005,103.24981483985198
647,Guyana,GUY,2006,135.3189590356044
648,Guyana,GUY,2007,75.9505883918431
649,Guyana,GUY,2008,76.35318684171244
650,Guyana,GUY,2009,64.2227449103205
651,Guyana,GUY,2010,113.45280792088994
652,Guyana,GUY,2011,108.26064659285696
653,Guyana,GUY,2012,132.49725955102753
654,Guyana,GUY,2013,112.27168336733826
655,Haiti,HTI,2005,527.1605065187432
656,Haiti,HTI,2006,663.4880209552996
657,Haiti,HTI,2007,519.825633313671
658,Haiti,HTI,2008,620.6387303606268
659,Haiti,HTI,2009,784.5037539203145
660,Haiti,HTI,2010,909.9731851124563
661,Haiti,HTI,2011,921.475091756527
662,Haiti,HTI,2012,898.9586066431029
663,Haiti,HTI,2013,1137.5230707773162
664,Honduras,HND,2005,1184.0773582359216
665,Honduras,HND,2006,1111.664806044639
666,Honduras,HND,2007,1013.3740353248432
667,Honduras,HND,2008,934.4638429449552
668,Honduras,HND,2009,1253.2867539659674
669,Honduras,HND,2010,586.0031046232652
670,Honduras,HND,2011,299.31207185942003
671,Honduras,HND,2012,290.278529679701
672,Honduras,HND,2013,436.0059370150666
673,Hong Kong,HKG,2005,7326.754719953096
674,Hong Kong,HKG,2006,7356.38172764962
675,Hong Kong,HKG,2007,7420.865801114067
676,Hong Kong,HKG,2008,8843.909487746852
677,Hong Kong,HKG,2009,9151.855427945591
678,Hong Kong,HKG,2010,8996.861122078231
679,Hong Kong,HKG,2011,8496.685723985258
680,Hong Kong,HKG,2012,14287.60812458636
681,Hong Kong,HKG,2013,23265.815466090942
682,Hungary,HUN,2005,3366.018841978196
683,Hungary,HUN,2006,3095.4513624536494
684,Hungary,HUN,2007,2521.6236244107463
685,Hungary,HUN,2008,2036.3199642587165
686,Hungary,HUN,2009,2072.00062035246
687,Hungary,HUN,2010,1830.3273204089503
688,Hungary,HUN,2011,2003.314803202266
689,Hungary,HUN,2012,2053.323727272357
690,Hungary,HUN,2013,1472.0886716190312
691,Iceland,ISL,2005,120.08857458187954
692,Iceland,ISL,2006,104.4109299419641
693,Iceland,ISL,2007,103.82484861020872
694,Iceland,ISL,2008,85.59085898067829
695,Iceland,ISL,2009,103.82516621973124
696,Iceland,ISL,2010,72.39375740701864
697,Iceland,ISL,2011,85.12604342380065
698,Iceland,ISL,2012,117.482156669647
699,Iceland,ISL,2013,73.02351130403136
700,India,IND,2005,49251.57162011641
701,India,IND,2006,65086.62419691349
702,India,IND,2007,85155.5656751942
703,India,IND,2008,112510.11419028866
704,India,IND,2009,139572.37409044162
705,India,IND,2010,82721.9671824724
706,India,IND,2011,102832.4602449082
707,India,IND,2012,114051.55649959238
708,India,IND,2013,110672.93848323898
709,Indonesia,IDN,2005,8340.913106699532
710,Indonesia,IDN,2006,8845.148054669087
711,Indonesia,IDN,2007,9944.459363648552
712,Indonesia,IDN,2008,8896.169904161768
713,Indonesia,IDN,2009,11759.53533811844
714,Indonesia,IDN,2010,12716.978479446552
715,Indonesia,IDN,2011,17974.815309553233
716,Indonesia,IDN,2012,20803.53247375507
717,Indonesia,IDN,2013,19346.96963165729
718,Iran,IRN,2005,18084.059648379687
719,Iran,IRN,2006,26818.715552802198
720,Iran,IRN,2007,25225.04210687305
721,Iran,IRN,2008,25392.69962848235
722,Iran,IRN,2009,28707.590430617955
723,Iran,IRN,2010,33882.60734195356
724,Iran,IRN,2011,40407.85899911583
725,Iran,IRN,2012,31546.37801451329
726,Iran,IRN,2013,25532.63896105187
727,Iraq,IRQ,2005,1648.4822180249157
728,Iraq,IRQ,2006,2019.4439069507528
729,Iraq,IRQ,2007,1290.9775826533769
730,Iraq,IRQ,2008,1850.0481487633676
731,Iraq,IRQ,2009,2519.334424810975
732,Iraq,IRQ,2010,2998.219616798271
733,Iraq,IRQ,2011,3433.578647111873
734,Iraq,IRQ,2012,3944.166198838827
735,Iraq,IRQ,2013,3053.059182548648
736,Ireland,IRL,2005,3986.104372730184
737,Ireland,IRL,2006,2869.811297110572
738,Ireland,IRL,2007,2604.295296618417
739,Ireland,IRL,2008,2351.811222273157
740,Ireland,IRL,2009,3112.9520876426736
741,Ireland,IRL,2010,2582.092755624208
742,Ireland,IRL,2011,2317.719287560612
743,Ireland,IRL,2012,2855.634416390359
744,Ireland,IRL,2013,2188.5106964790853
745,Israel,ISR,2005,9874.512217284013
746,Israel,ISR,2006,10736.020332144855
747,Israel,ISR,2007,9987.610586009938
748,Israel,ISR,2008,9989.091025444395
749,Israel,ISR,2009,10421.687937902372
750,Israel,ISR,2010,9282.520997291054
751,Israel,ISR,2011,10066.540754986849
752,Israel,ISR,2012,9770.133805151714
753,Israel,ISR,2013,5785.67007202364
754,Italy,ITA,2005,45018.11021268423
755,Italy,ITA,2006,45730.57403248004
756,Italy,ITA,2007,40820.52103643983
757,Italy,ITA,2008,35206.44520784906
758,Italy,ITA,2009,46770.17826319743
759,Italy,ITA,2010,42982.10574082276
760,Italy,ITA,2011,38614.41387501616
761,Italy,ITA,2012,38541.74862201703
762,Italy,ITA,2013,35308.85482446055
763,Jamaica,JAM,2005,1124.9646883958326
764,Jamaica,JAM,2006,809.0351320795564
765,Jamaica,JAM,2007,748.1672158360363
766,Jamaica,JAM,2008,822.5308629943088
767,Jamaica,JAM,2009,616.3154794387575
768,Jamaica,JAM,2010,1037.232483484217
769,Jamaica,JAM,2011,1053.664810222505
770,Jamaica,JAM,2012,1152.0594243626845
771,Jamaica,JAM,2013,923.8362094222754
772,Japan,JPN,2005,64667.68015369126
773,Japan,JPN,2006,64499.30537419593
774,Japan,JPN,2007,56445.003928947786
775,Japan,JPN,2008,49869.47931814752
776,Japan,JPN,2009,51383.37900672236
777,Japan,JPN,2010,62806.774465052025
778,Japan,JPN,2011,65908.87026970935
779,Japan,JPN,2012,62941.235176041446
780,Japan,JPN,2013,77276.91225898867
781,Jordan,JOR,2005,3795.6671054123217
782,Jordan,JOR,2006,4040.7715133522215
783,Jordan,JOR,2007,2776.953546940504
784,Jordan,JOR,2008,3861.8224393248233
785,Jordan,JOR,2009,3737.659318475764
786,Jordan,JOR,2010,3337.2770286053883
787,Jordan,JOR,2011,3201.9716371879845
788,Jordan,JOR,2012,4411.706135535276
789,Jordan,JOR,2013,4781.045366235652
790,Kazakhstan,KAZ,2005,1035.6471883989514
791,Kazakhstan,KAZ,2006,1507.6683007163715
792,Kazakhstan,KAZ,2007,1828.354754866818
793,Kazakhstan,KAZ,2008,1747.3159507584662
794,Kazakhstan,KAZ,2009,864.3524864668508
795,Kazakhstan,KAZ,2010,376.07255736932086
796,Kazakhstan,KAZ,2011,1018.503031685884
797,Kazakhstan,KAZ,2012,1298.0190770769252
798,Kazakhstan,KAZ,2013,1315.3760809252265
799,Kenya,KEN,2005,3733.556335799849
800,Kenya,KEN,2006,5289.824215701463
801,Kenya,KEN,2007,7786.323188070435
802,Kenya,KEN,2008,6960.025017692635
803,Kenya,KEN,2009,8514.666376708148
804,Kenya,KEN,2010,8823.526587218807
805,Kenya,KEN,2011,7557.03090836322
806,Kenya,KEN,2012,8883.127581251665
807,Kenya,KEN,2013,8065.293417026216
808,Kiribati,KIR,2005,25.68720050362544
809,Kiribati,KIR,2006,14.300212897732909
810,Kiribati,KIR,2007,283.54882129744834
811,Kiribati,KIR,2008,242.54594673845185
812,Kiribati,KIR,2009,15.493023727170115
813,Kiribati,KIR,2010,11.76166522256976
814,Kiribati,KIR,2011,38.19665022466304
815,Kiribati,KIR,2012,84.99450240063754
816,Kiribati,KIR,2013,86.50937946491732
817,Kuwait,KWT,2005,2423.525479832358
818,Kuwait,KWT,2006,2458.4083281649923
819,Kuwait,KWT,2007,2165.2064023231524
820,Kuwait,KWT,2008,2226.5769273361093
821,Kuwait,KWT,2009,2136.0937626441137
822,Kuwait,KWT,2010,1933.6250472832933
823,Kuwait,KWT,2011,2488.790845517229
824,Kuwait,KWT,2012,2544.315307503133
825,Kuwait,KWT,2013,2620.600627473326
826,Kyrgyzstan,KGZ,2005,64.98106716055105
827,Kyrgyzstan,KGZ,2006,109.17904858770356
828,Kyrgyzstan,KGZ,2007,112.52766786436528
829,Kyrgyzstan,KGZ,2008,121.77614952689478
830,Kyrgyzstan,KGZ,2009,88.05771791823477
831,Kyrgyzstan,KGZ,2010,121.56298727879884
832,Kyrgyzstan,KGZ,2011,132.07105498221364
833,Kyrgyzstan,KGZ,2012,127.2184418001923
834,Kyrgyzstan,KGZ,2013,150.49723139701496
835,Laos,LAO,2005,62.26367399432638
836,Laos,LAO,2006,68.22703393875418
837,Laos,LAO,2007,76.92797609187255
838,Laos,LAO,2008,92.89369397498376
839,Laos,LAO,2009,136.59118057870364
840,Laos,LAO,2010,180.5656481913611
841,Laos,LAO,2011,412.49952807793306
842,Laos,LAO,2012,548.9698970164973
843,Laos,LAO,2013,461.3954985727396
844,Latvia,LVA,2005,595.6968524880066
845,Latvia,LVA,2006,576.6807428550169
846,Latvia,LVA,2007,474.2233896819088
847,Latvia,LVA,2008,414.6201133098353
848,Latvia,LVA,2009,332.1477424666172
849,Latvia,LVA,2010,362.17742541797327
850,Latvia,LVA,2011,394.48539305986463
851,Latvia,LVA,2012,663.3958601963304
852,Latvia,LVA,2013,637.8983806665387
853,Lebanon,LBN,2005,5334.729023296018
854,Lebanon,LBN,2006,4671.570556165876
855,Lebanon,LBN,2007,4060.115122149596
856,Lebanon,LBN,2008,3539.118751350132
857,Lebanon,LBN,2009,5127.202245820508
858,Lebanon,LBN,2010,4241.04209930187
859,Lebanon,LBN,2011,5463.012538252133
860,Lebanon,LBN,2012,4043.853995674818
861,Lebanon,LBN,2013,3394.6280039452863
862,Lesotho,LSO,2005,50.71085110784618
863,Lesotho,LSO,2006,117.10254609916429
864,Lesotho,LSO,2007,27.86951694180548
865,Lesotho,LSO,2008,13.924777966245983
866,Lesotho,LSO,2009,53.335722733219086
867,Lesotho,LSO,2010,7.692120525797531
868,Lesotho,LSO,2011,60.64793353141575
869,Lesotho,LSO,2012,863.5282484791442
870,Lesotho,LSO,2013,778.9020587123919
871,Liberia,LBR,2005,172.84502988010036
872,Liberia,LBR,2006,294.25754659674567
873,Liberia,LBR,2007,418.04459323645005
874,Liberia,LBR,2008,163.71121593648422
875,Liberia,LBR,2009,302.38282313492164
876,Liberia,LBR,2010,486.24795374258247
877,Liberia,LBR,2011,342.9974626452604
878,Liberia,LBR,2012,511.3508045026865
879,Liberia,LBR,2013,333.28284798379264
880,Libya,LBY,2005,3414.5723415991624
881,Libya,LBY,2006,3977.5405538053415
882,Libya,LBY,2007,3358.905423735463
883,Libya,LBY,2008,4438.657790392743
884,Libya,LBY,2009,3882.006664207873
885,Libya,LBY,2010,4117.303354086401
886,Libya,LBY,2011,1897.710565431277
887,Libya,LBY,2012,4650.489586857109
888,Libya,LBY,2013,3412.852812890197
889,Lithuania,LTU,2005,942.9440526544424
890,Lithuania,LTU,2006,1010.2970385915688
891,Lithuania,LTU,2007,800.4167414613618
892,Lithuania,LTU,2008,775.8796465453514
893,Lithuania,LTU,2009,1208.2969542603007
894,Lithuania,LTU,2010,747.6977884867855
895,Lithuania,LTU,2011,1079.4463957684882
896,Lithuania,LTU,2012,753.3194082959799
897,Lithuania,LTU,2013,538.7452288102243
898,Luxembourg,LUX,2005,643.8807466644307
899,Luxembourg,LUX,2006,768.2171885585115
900,Luxembourg,LUX,2007,657.2831480373206
901,Luxembourg,LUX,2008,346.86324700837207
902,Luxembourg,LUX,2009,295.7366438325229
903,Luxembourg,LUX,2010,323.03341102795827
904,Luxembourg,LUX,2011,419.07662666675816
905,Luxembourg,LUX,2012,662.6711529147527
906,Luxembourg,LUX,2013,490.4566006889789
907,Macao,MAC,2005,428.98616484942977
908,Macao,MAC,2006,377.2670472633183
909,Macao,MAC,2007,334.7090002211429
910,Macao,MAC,2008,393.1506785034886
911,Macao,MAC,2009,442.2806327725104
912,Macao,MAC,2010,365.1283409091078
913,Macao,MAC,2011,443.7465136367964
914,Macao,MAC,2012,624.1416911919019
915,Macao,MAC,2013,398.3820030622728
916,Madagascar,MDG,2005,772.7111895302514
917,Madagascar,MDG,2006,396.0458265000998
918,Madagascar,MDG,2007,263.62768766352383
919,Madagascar,MDG,2008,579.4718330781106
920,Madagascar,MDG,2009,645.6042162857339
921,Madagascar,MDG,2010,526.0815368834155
922,Madagascar,MDG,2011,654.5720877786371
923,Madagascar,MDG,2012,621.2814636408038
924,Madagascar,MDG,2013,4081.362691226146
925,Malawi,MWI,2005,235.8487320300228
926,Malawi,MWI,2006,246.16797049946945
927,Malawi,MWI,2007,219.1745044619738
928,Malawi,MWI,2008,1215.8653145601693
929,Malawi,MWI,2009,704.6060115862456
930,Malawi,MWI,2010,715.8641330507799
931,Malawi,MWI,2011,800.1465774620992
932,Malawi,MWI,2012,626.0142508146037
933,Malawi,MWI,2013,1002.68103213403
934,Malaysia,MYS,2005,12806.62525586439
935,Malaysia,MYS,2006,13375.41583693622
936,Malaysia,MYS,2007,14733.906987461329
937,Malaysia,MYS,2008,16760.498893110635
938,Malaysia,MYS,2009,19161.379406022686
939,Malaysia,MYS,2010,18790.436732955684
940,Malaysia,MYS,2011,23055.127951251736
941,Malaysia,MYS,2012,26156.77859492322
942,Malaysia,MYS,2013,20126.787833958144
943,Maldives,MDV,2005,123.48607826965338
944,Maldives,MDV,2006,241.53813802853276
945,Maldives,MDV,2007,172.95339857950367
946,Maldives,MDV,2008,196.84469252461892
947,Maldives,MDV,2009,103.57983531416836
948,Maldives,MDV,2010,136.2243544523108
949,Maldives,MDV,2011,210.97525335379237
950,Maldives,MDV,2012,198.20768024183215
951,Maldives,MDV,2013,263.1966819588783
952,Mali,MLI,2005,351.6363293824236
953,Mali,MLI,2006,414.5272320861332
954,Mali,MLI,2007,744.9929878019386
955,Mali,MLI,2008,678.0814663590704
956,Mali,MLI,2009,286.2521827631245
957,Mali,MLI,2010,522.8957259892443
958,Mali,MLI,2011,322.5874375231569
959,Mali,MLI,2012,443.6634149938866
960,Mali,MLI,2013,115.07127147724988
961,Malta,MLT,2005,565.3777260567977
962,Malta,MLT,2006,453.4280545638548
963,Malta,MLT,2007,401.3643364356757
964,Malta,MLT,2008,332.0002271030993
965,Malta,MLT,2009,294.3589108308479
966,Malta,MLT,2010,232.22871366327536
967,Malta,MLT,2011,277.3210744076316
968,Malta,MLT,2012,357.2434872659883
969,Malta,MLT,2013,289.85787667924325
970,Martinique,MTQ,2005,0.0
971,Martinique,MTQ,2006,0.0
972,Martinique,MTQ,2007,0.0
973,Martinique,MTQ,2008,0.0
974,Martinique,MTQ,2009,0.0
975,Martinique,MTQ,2010,0.0
976,Martinique,MTQ,2011,0.0
977,Martinique,MTQ,2012,0.0
978,Mauritania,MRT,2005,412.00795932248536
979,Mauritania,MRT,2006,354.62943170201265
980,Mauritania,MRT,2007,383.4559471091613
981,Mauritania,MRT,2008,516.031547360912
982,Mauritania,MRT,2009,794.7651233764385
983,Mauritania,MRT,2010,599.3584364189095
984,Mauritania,MRT,2011,1033.8380854502343
985,Mauritania,MRT,2012,1779.0786048642583
986,Mauritania,MRT,2013,916.9827376817708
987,Mauritius,MUS,2005,968.8138007036788
988,Mauritius,MUS,2006,1404.362552391788
989,Mauritius,MUS,2007,985.6067960697914
990,Mauritius,MUS,2008,1041.8684641913785
991,Mauritius,MUS,2009,1141.751023093199
992,Mauritius,MUS,2010,1163.572931987353
993,Mauritius,MUS,2011,1510.7417101891886
994,Mauritius,MUS,2012,1069.6637321575777
995,Mauritius,MUS,2013,896.3795934707275
996,Mexico,MEX,2005,6242.161288095056
997,Mexico,MEX,2006,6583.260121713945
998,Mexico,MEX,2007,6413.659592368138
999,Mexico,MEX,2008,5929.944994889644
1000,Mexico,MEX,2009,5983.648861255744
1001,Mexico,MEX,2010,6970.108324257308
1002,Mexico,MEX,2011,7616.517509286787
1003,Mexico,MEX,2012,11052.286547192954
1004,Mexico,MEX,2013,13110.680506464996
1005,Moldova,MDA,2005,646.6952796604527
1006,Moldova,MDA,2006,607.2323356011673
1007,Moldova,MDA,2007,178.00955198215985
1008,Moldova,MDA,2008,364.50319735294266
1009,Moldova,MDA,2009,147.2683913295758
1010,Moldova,MDA,2010,112.12779409275868
1011,Moldova,MDA,2011,106.08652958000413
1012,Moldova,MDA,2012,108.97779885591686
1013,Moldova,MDA,2013,118.96304414612884
1014,Mongolia,MNG,2005,76.5506284738514
1015,Mongolia,MNG,2006,77.88629574658017
1016,Mongolia,MNG,2007,178.2860699959157
1017,Mongolia,MNG,2008,62.99612367911949
1018,Mongolia,MNG,2009,61.98738894096207
1019,Mongolia,MNG,2010,139.88717031407367
1020,Mongolia,MNG,2011,99.15021193694442
1021,Mongolia,MNG,2012,123.71529071924682
1022,Mongolia,MNG,2013,110.26976973657482
1023,Montenegro,MNE,2006,100.20570106773036
1024,Montenegro,MNE,2007,78.82105599032798
1025,Montenegro,MNE,2008,104.2287050858626
1026,Montenegro,MNE,2009,110.29524923113314
1027,Montenegro,MNE,2010,96.42959816676482
1028,Montenegro,MNE,2011,94.59949033542529
1029,Montenegro,MNE,2012,142.5770787225437
1030,Montenegro,MNE,2013,114.94978946436252
1031,Morocco,MAR,2005,6665.0975788948535
1032,Morocco,MAR,2006,4909.94766241779
1033,Morocco,MAR,2007,3710.9052539644654
1034,Morocco,MAR,2008,4498.695093566739
1035,Morocco,MAR,2009,6479.0838536591855
1036,Morocco,MAR,2010,5711.360732495611
1037,Morocco,MAR,2011,7027.274117268384
1038,Morocco,MAR,2012,10070.140858560895
1039,Morocco,MAR,2013,6374.606147035536
1040,Mozambique,MOZ,2005,840.7467490514682
1041,Mozambique,MOZ,2006,822.0378311424138
1042,Mozambique,MOZ,2007,745.6315027693636
1043,Mozambique,MOZ,2008,875.0144238026696
1044,Mozambique,MOZ,2009,950.310095941415
1045,Mozambique,MOZ,2010,907.5176065438428
1046,Mozambique,MOZ,2011,1931.1128161137892
1047,Mozambique,MOZ,2012,2641.060452183039
1048,Mozambique,MOZ,2013,1837.2421823820623
1049,Myanmar,MMR,2005,1293.8339755459892
1050,Myanmar,MMR,2006,2954.340782481508
1051,Myanmar,MMR,2007,4708.896858777589
1052,Myanmar,MMR,2008,3091.9645613271423
1053,Myanmar,MMR,2009,2986.1860546318057
1054,Myanmar,MMR,2010,3909.338659933288
1055,Myanmar,MMR,2011,4001.796029035031
1056,Myanmar,MMR,2012,4207.220496350841
1057,Myanmar,MMR,2013,5525.847454734227
1058,Namibia,NAM,2005,819.3916118255081
1059,Namibia,NAM,2006,1037.1459455046509
1060,Namibia,NAM,2007,3316.6409503292384
1061,Namibia,NAM,2008,3351.4179781323974
1062,Namibia,NAM,2009,240.54916230186825
1063,Namibia,NAM,2010,720.9174541116386
1064,Namibia,NAM,2011,593.0714552485185
1065,Namibia,NAM,2012,1224.222483043079
1066,Namibia,NAM,2013,1480.152373971288
1067,Nepal,NPL,2005,38.82520636430081
1068,Nepal,NPL,2006,86.96426127094992
1069,Nepal,NPL,2007,66.2924133925253
1070,Nepal,NPL,2008,77.56158222521208
1071,Nepal,NPL,2009,1365.852542417034
1072,Nepal,NPL,2010,2182.637840915517
1073,Nepal,NPL,2011,1457.4920417467706
1074,Nepal,NPL,2012,1167.4979818097777
1075,Nepal,NPL,2013,2087.902481858514
1076,Netherlands,NLD,2005,34399.1267707507
1077,Netherlands,NLD,2006,27222.14733409758
1078,Netherlands,NLD,2007,19295.6887512866
1079,Netherlands,NLD,2008,21954.88259337937
1080,Netherlands,NLD,2009,26094.20068478459
1081,Netherlands,NLD,2010,18855.75788378905
1082,Netherlands,NLD,2011,18540.445040062543
1083,Netherlands,NLD,2012,25951.385562038056
1084,Netherlands,NLD,2013,22079.52726185107
1085,New Caledonia,NCL,2005,70.41807207157085
1086,New Caledonia,NCL,2006,78.97374952428805
1087,New Caledonia,NCL,2007,78.93179315713486
1088,New Caledonia,NCL,2008,63.15921073949019
1089,New Caledonia,NCL,2009,64.10494214460958
1090,New Caledonia,NCL,2010,90.97541003101556
1091,New Caledonia,NCL,2011,84.58445550268733
1092,New Caledonia,NCL,2012,87.79401490830975
1093,New Caledonia,NCL,2013,92.3879314291154
1094,New Zealand,NZL,2005,1522.231727728143
1095,New Zealand,NZL,2006,1391.0570684518043
1096,New Zealand,NZL,2007,2527.442264686093
1097,New Zealand,NZL,2008,4917.407068188195
1098,New Zealand,NZL,2009,3080.6332475520944
1099,New Zealand,NZL,2010,5068.468942200367
1100,New Zealand,NZL,2011,3361.04898203925
1101,New Zealand,NZL,2012,3659.037238804613
1102,New Zealand,NZL,2013,3791.294155088425
1103,Nicaragua,NIC,2005,205.6439174731695
1104,Nicaragua,NIC,2006,112.81580129183384
1105,Nicaragua,NIC,2007,173.21828897831074
1106,Nicaragua,NIC,2008,271.825018866366
1107,Nicaragua,NIC,2009,297.9734737697436
1108,Nicaragua,NIC,2010,327.9018638291491
1109,Nicaragua,NIC,2011,339.03422129714454
1110,Nicaragua,NIC,2012,547.5217494556127
1111,Nicaragua,NIC,2013,502.2325200813975
1112,Niger,NER,2005,744.7110611360513
1113,Niger,NER,2006,609.3082993205235
1114,Niger,NER,2007,420.154366853777
1115,Niger,NER,2008,508.5683869807578
1116,Niger,NER,2009,148.6520838148341
1117,Niger,NER,2010,492.0490275521308
1118,Niger,NER,2011,510.14624733074606
1119,Niger,NER,2012,514.2217919557283
1120,Niger,NER,2013,454.2647042033763
1121,Nigeria,NGA,2005,1612.349816212798
1122,Nigeria,NGA,2006,3451.904246062484
1123,Nigeria,NGA,2007,2463.463270603792
1124,Nigeria,NGA,2008,1435.31511872006
1125,Nigeria,NGA,2009,4445.952718461573
1126,Nigeria,NGA,2010,5476.458866373818
1127,Nigeria,NGA,2011,7679.9927454009885
1128,Nigeria,NGA,2012,5599.040562879905
1129,Nigeria,NGA,2013,5594.928523928858
1130,North Korea,PRK,2005,691.3024291511869
1131,North Korea,PRK,2006,667.5192132155695
1132,North Korea,PRK,2007,507.3824044226811
1133,North Korea,PRK,2008,300.737274275116
1134,North Korea,PRK,2009,327.52069963028856
1135,North Korea,PRK,2010,155.57165483282674
1136,North Korea,PRK,2011,209.01816393326757
1137,North Korea,PRK,2012,346.6494216235851
1138,North Korea,PRK,2013,616.4014084041523
1139,Norway,NOR,2005,3268.991711278033
1140,Norway,NOR,2006,2860.1125861814926
1141,Norway,NOR,2007,2518.972795886481
1142,Norway,NOR,2008,2690.9061635574094
1143,Norway,NOR,2009,1940.2641415869296
1144,Norway,NOR,2010,1531.4913613680926
1145,Norway,NOR,2011,1553.747570977389
1146,Norway,NOR,2012,1419.10647990637
1147,Norway,NOR,2013,1239.8091049767368
1148,Oman,OMN,2005,838.8008980185939
1149,Oman,OMN,2006,1659.6581925775267
1150,Oman,OMN,2007,1097.0807720114046
1151,Oman,OMN,2008,1124.5143297974016
1152,Oman,OMN,2009,1380.7244446952848
1153,Oman,OMN,2010,2389.720328014117
1154,Oman,OMN,2011,2306.374974366391
1155,Oman,OMN,2012,3150.163979116077
1156,Oman,OMN,2013,3190.9810863575944
1157,Pakistan,PAK,2005,12292.155807280476
1158,Pakistan,PAK,2006,15843.920187419284
1159,Pakistan,PAK,2007,17177.58905862087
1160,Pakistan,PAK,2008,18930.528541425327
1161,Pakistan,PAK,2009,15921.717344924487
1162,Pakistan,PAK,2010,14125.582319357703
1163,Pakistan,PAK,2011,16137.734798636717
1164,Pakistan,PAK,2012,18868.018642351053
1165,Pakistan,PAK,2013,17862.728179329097
1166,Palestine,PSE,2005,655.4938960201562
1167,Palestine,PSE,2006,217.69486554728508
1168,Palestine,PSE,2007,158.4401160851661
1169,Palestine,PSE,2008,75.96589069129281
1170,Palestine,PSE,2009,96.52091442478736
1171,Palestine,PSE,2010,38.76422836645286
1172,Palestine,PSE,2011,37.852437179094615
1173,Palestine,PSE,2012,35.47985838048222
1174,Palestine,PSE,2013,37.8503062719125
1175,Panama,PAN,2005,256.10270156161323
1176,Panama,PAN,2006,332.42313790729577
1177,Panama,PAN,2007,316.9519588697731
1178,Panama,PAN,2008,443.28003567140513
1179,Panama,PAN,2009,491.9521030310461
1180,Panama,PAN,2010,391.2056585815435
1181,Panama,PAN,2011,740.5765255717934
1182,Panama,PAN,2012,1198.7318904532997
1183,Panama,PAN,2013,1157.589268378003
1184,Papua New Guinea,PNG,2005,51.20052464698165
1185,Papua New Guinea,PNG,2006,54.109641821851255
1186,Papua New Guinea,PNG,2007,60.46330555548411
1187,Papua New Guinea,PNG,2008,63.67868383707537
1188,Papua New Guinea,PNG,2009,88.7587863977169
1189,Papua New Guinea,PNG,2010,270.1399039708067
1190,Papua New Guinea,PNG,2011,151.11352274828096
1191,Papua New Guinea,PNG,2012,139.095658694132
1192,Papua New Guinea,PNG,2013,194.8258688172955
1193,Paraguay,PRY,2005,187.08142722476623
1194,Paraguay,PRY,2006,370.2527118136204
1195,Paraguay,PRY,2007,304.93849112403404
1196,Paraguay,PRY,2008,566.9090761382686
1197,Paraguay,PRY,2009,243.49539847253615
1198,Paraguay,PRY,2010,414.2586334578082
1199,Paraguay,PRY,2011,524.0539668658457
1200,Paraguay,PRY,2012,389.4782797664011
1201,Paraguay,PRY,2013,421.2688984739507
1202,Peru,PER,2005,6737.536650564027
1203,Peru,PER,2006,9252.235868794582
1204,Peru,PER,2007,10011.091916232135
1205,Peru,PER,2008,12733.842188113544
1206,Peru,PER,2009,14671.038101344428
1207,Peru,PER,2010,10783.80855386809
1208,Peru,PER,2011,13616.575264146828
1209,Peru,PER,2012,18049.378654308617
1210,Peru,PER,2013,12014.283208093664
1211,Philippines,PHL,2005,9701.6912057941
1212,Philippines,PHL,2006,10569.863210088844
1213,Philippines,PHL,2007,9924.506843780471
1214,Philippines,PHL,2008,8136.919843634911
1215,Philippines,PHL,2009,9770.106043630289
1216,Philippines,PHL,2010,8868.81143981636
1217,Philippines,PHL,2011,7723.015823673559
1218,Philippines,PHL,2012,7220.15643917548
1219,Philippines,PHL,2013,7833.769828517215
1220,Poland,POL,2005,10473.067743287442
1221,Poland,POL,2006,10553.955688994954
1222,Poland,POL,2007,9174.903133414497
1223,Poland,POL,2008,9128.992354249282
1224,Poland,POL,2009,11253.247523804424
1225,Poland,POL,2010,9090.22641790321
1226,Poland,POL,2011,10269.117145891114
1227,Poland,POL,2012,12131.009822286083
1228,Poland,POL,2013,10793.920392531563
1229,Portugal,PRT,2005,8771.048950545992
1230,Portugal,PRT,2006,9408.84879010301
1231,Portugal,PRT,2007,10518.145039444107
1232,Portugal,PRT,2008,8182.206517149927
1233,Portugal,PRT,2009,7605.952961987619
1234,Portugal,PRT,2010,10232.338784194004
1235,Portugal,PRT,2011,9988.893489763292
1236,Portugal,PRT,2012,9423.65535922721
1237,Portugal,PRT,2013,8446.198453536177
1238,Qatar,QAT,2005,765.4138082428838
1239,Qatar,QAT,2006,978.4128924120376
1240,Qatar,QAT,2007,886.392831137401
1241,Qatar,QAT,2008,1361.3834266334948
1242,Qatar,QAT,2009,519.0165411232157
1243,Qatar,QAT,2010,1143.6177514569574
1244,Qatar,QAT,2011,538.2403215298256
1245,Qatar,QAT,2012,675.0361164465363
1246,Qatar,QAT,2013,1050.6724428855766
1247,Reunion,REU,2005,0.0
1248,Reunion,REU,2006,0.0
1249,Reunion,REU,2007,0.0
1250,Reunion,REU,2008,0.0
1251,Reunion,REU,2009,0.0
1252,Reunion,REU,2010,0.0
1253,Reunion,REU,2011,0.0
1254,Reunion,REU,2012,0.0
1255,Reunion,REU,2013,0.0
1256,Romania,ROU,2005,5864.771515867288
1257,Romania,ROU,2006,8030.101299564429
1258,Romania,ROU,2007,2823.99081983484
1259,Romania,ROU,2008,2975.8665675093075
1260,Romania,ROU,2009,2937.429052139809
1261,Romania,ROU,2010,2757.092807509313
1262,Romania,ROU,2011,2893.0275004912883
1263,Romania,ROU,2012,2873.445029566544
1264,Romania,ROU,2013,2909.674530287548
1265,Russia,RUS,2005,97383.82675177776
1266,Russia,RUS,2006,95360.07720625716
1267,Russia,RUS,2007,116063.99100206063
1268,Russia,RUS,2008,115364.81464070913
1269,Russia,RUS,2009,87873.89516093403
1270,Russia,RUS,2010,78568.29697270789
1271,Russia,RUS,2011,67437.70583557265
1272,Russia,RUS,2012,76372.97601748325
1273,Russia,RUS,2013,72298.53333603268
1274,Rwanda,RWA,2005,186.6017947126097
1275,Rwanda,RWA,2006,320.546497691161
1276,Rwanda,RWA,2007,438.2924932817275
1277,Rwanda,RWA,2008,452.79572085323593
1278,Rwanda,RWA,2009,1079.3726590058332
1279,Rwanda,RWA,2010,936.3038201375982
1280,Rwanda,RWA,2011,1052.6227896089783
1281,Rwanda,RWA,2012,1032.0494306443563
1282,Rwanda,RWA,2013,542.3398457043511
1283,Saint Lucia,LCA,2005,76.03458322110586
1284,Saint Lucia,LCA,2006,54.16657139591516
1285,Saint Lucia,LCA,2007,35.89286102070909
1286,Saint Lucia,LCA,2008,26.61457760495422
1287,Saint Lucia,LCA,2009,33.47422688274426
1288,Saint Lucia,LCA,2010,39.06680954453231
1289,Saint Lucia,LCA,2011,23.59999906957368
1290,Saint Lucia,LCA,2012,29.583642541712777
1291,Saint Lucia,LCA,2013,26.77525583957916
1292,Saint Vincent and the Grenadines,VCT,2005,0.907584123815621
1293,Saint Vincent and the Grenadines,VCT,2006,2.8570137259469117
1294,Saint Vincent and the Grenadines,VCT,2007,2.7050457659005818
1295,Saint Vincent and the Grenadines,VCT,2008,7.651238573140064
1296,Saint Vincent and the Grenadines,VCT,2009,2.66802575574561
1297,Saint Vincent and the Grenadines,VCT,2010,5.317850337715159
1298,Saint Vincent and the Grenadines,VCT,2011,0.9841174460796868
1299,Saint Vincent and the Grenadines,VCT,2012,0.822893512682775
1300,Saint Vincent and the Grenadines,VCT,2013,0.7390188648998898
1301,Samoa,WSM,2005,31.15932347836361
1302,Samoa,WSM,2006,44.46708115081008
1303,Samoa,WSM,2007,55.501766170018
1304,Samoa,WSM,2008,66.01252079451947
1305,Samoa,WSM,2009,64.35313347070249
1306,Samoa,WSM,2010,68.98973004540834
1307,Samoa,WSM,2011,48.97216627558592
1308,Samoa,WSM,2012,134.0550621947686
1309,Samoa,WSM,2013,82.22559313062003
1310,Sao Tome and Principe,STP,2005,0.0624794914820983
1311,Sao Tome and Principe,STP,2006,0.25545638582088
1312,Sao Tome and Principe,STP,2007,0.3903802741232599
1313,Sao Tome and Principe,STP,2008,2.82835816880784
1314,Sao Tome and Principe,STP,2009,0.26112144529785
1315,Sao Tome and Principe,STP,2010,0.3042035239696799
1316,Sao Tome and Principe,STP,2011,0.29676184768732
1317,Sao Tome and Principe,STP,2012,0.426819273095823
1318,Sao Tome and Principe,STP,2013,0.481548305675518
1319,Saudi Arabia,SAU,2005,15754.187671831174
1320,Saudi Arabia,SAU,2006,17243.53194674547
1321,Saudi Arabia,SAU,2007,16386.579669160827
1322,Saudi Arabia,SAU,2008,14349.520722371171
1323,Saudi Arabia,SAU,2009,16793.645014751222
1324,Saudi Arabia,SAU,2010,17973.12028605069
1325,Saudi Arabia,SAU,2011,20077.278729711263
1326,Saudi Arabia,SAU,2012,28389.527422581887
1327,Saudi Arabia,SAU,2013,24167.08305661236
1328,Senegal,SEN,2005,2254.874682458149
1329,Senegal,SEN,2006,2192.622955408402
1330,Senegal,SEN,2007,2002.5697963339528
1331,Senegal,SEN,2008,2050.255201048099
1332,Senegal,SEN,2009,2102.569191749561
1333,Senegal,SEN,2010,1724.4857211201506
1334,Senegal,SEN,2011,1745.1029522916813
1335,Senegal,SEN,2012,2001.624823440071
1336,Senegal,SEN,2013,1231.2280699444611
1337,Serbia,SRB,2006,1272.7979746681526
1338,Serbia,SRB,2007,612.9686267899725
1339,Serbia,SRB,2008,647.755813502612
1340,Serbia,SRB,2009,637.3385222326608
1341,Serbia,SRB,2010,550.2938760792364
1342,Serbia,SRB,2011,560.6263213217773
1343,Serbia,SRB,2012,757.2033699628038
1344,Serbia,SRB,2013,844.1549307887664
1345,Seychelles,SYC,2005,43.27100701397254
1346,Seychelles,SYC,2006,72.16551869984474
1347,Seychelles,SYC,2007,210.29806723926063
1348,Seychelles,SYC,2008,108.21181117139928
1349,Seychelles,SYC,2009,83.910254446642
1350,Seychelles,SYC,2010,65.0767821396496
1351,Seychelles,SYC,2011,65.78694195480448
1352,Seychelles,SYC,2012,39.51799910798534
1353,Seychelles,SYC,2013,62.16737284132216
1354,Sierra Leone,SLE,2005,84.24272123355149
1355,Sierra Leone,SLE,2006,112.24847952872187
1356,Sierra Leone,SLE,2007,73.96422693955128
1357,Sierra Leone,SLE,2008,155.1992158023977
1358,Sierra Leone,SLE,2009,128.27085181352595
1359,Sierra Leone,SLE,2010,161.07042095689576
1360,Sierra Leone,SLE,2011,207.9982704401664
1361,Sierra Leone,SLE,2012,294.3706801742519
1362,Sierra Leone,SLE,2013,387.5033002908749
1363,Singapore,SGP,2005,5581.153781832036
1364,Singapore,SGP,2006,6103.890654562259
1365,Singapore,SGP,2007,5365.824190670586
1366,Singapore,SGP,2008,5185.671380147587
1367,Singapore,SGP,2009,5650.174364401574
1368,Singapore,SGP,2010,5771.909017567559
1369,Singapore,SGP,2011,13062.604094465652
1370,Singapore,SGP,2012,17529.755175619586
1371,Singapore,SGP,2013,11014.731547311496
1372,Slovakia,SVK,2005,2291.17811960605
1373,Slovakia,SVK,2006,1351.479788987726
1374,Slovakia,SVK,2007,1984.6941956718383
1375,Slovakia,SVK,2008,1528.4696365991597
1376,Slovakia,SVK,2009,1421.826233688594
1377,Slovakia,SVK,2010,1702.1320784112895
1378,Slovakia,SVK,2011,1197.9988528765632
1379,Slovakia,SVK,2012,2558.400829977143
1380,Slovakia,SVK,2013,2321.7826461544387
1381,Slovenia,SVN,2005,1437.0588185702495
1382,Slovenia,SVN,2006,2667.6966904522674
1383,Slovenia,SVN,2007,1878.484363941291
1384,Slovenia,SVN,2008,1907.497467180308
1385,Slovenia,SVN,2009,2119.631737643546
1386,Slovenia,SVN,2010,1774.6737359630658
1387,Slovenia,SVN,2011,1974.695709366349
1388,Slovenia,SVN,2012,2369.077774936288
1389,Slovenia,SVN,2013,1254.484484766073
1390,Solomon Islands,SLB,2005,0.714697337117022
1391,Solomon Islands,SLB,2006,0.4260032066026301
1392,Solomon Islands,SLB,2007,1.16685738355019
1393,Solomon Islands,SLB,2008,0.5566629162432202
1394,Solomon Islands,SLB,2009,0.8551389073082502
1395,Solomon Islands,SLB,2010,0.0
1396,Solomon Islands,SLB,2011,0.05708450711095
1397,Solomon Islands,SLB,2012,0.0
1398,Solomon Islands,SLB,2013,0.0
1399,Somalia,SOM,2005,527.6729676748419
1400,Somalia,SOM,2006,267.83330793975455
1401,Somalia,SOM,2007,277.10917599506536
1402,Somalia,SOM,2008,461.6411178756189
1403,Somalia,SOM,2009,552.9282895896338
1404,Somalia,SOM,2010,517.8290455005981
1405,Somalia,SOM,2011,287.93380360567465
1406,Somalia,SOM,2012,300.0656591551174
1407,Somalia,SOM,2013,499.96379912107307
1408,South Africa,ZAF,2005,13989.53839151664
1409,South Africa,ZAF,2006,15228.336744383509
1410,South Africa,ZAF,2007,21838.303756680973
1411,South Africa,ZAF,2008,12843.641752700038
1412,South Africa,ZAF,2009,15472.44851705421
1413,South Africa,ZAF,2010,15437.207163947976
1414,South Africa,ZAF,2011,15955.918385531786
1415,South Africa,ZAF,2012,20441.53617937932
1416,South Africa,ZAF,2013,16637.50874836147
1417,South Korea,KOR,2005,25909.183367844875
1418,South Korea,KOR,2006,24398.53753162641
1419,South Korea,KOR,2007,23710.311410790764
1420,South Korea,KOR,2008,20995.02438505717
1421,South Korea,KOR,2009,23397.470675357832
1422,South Korea,KOR,2010,26943.643560197484
1423,South Korea,KOR,2011,29543.74633971156
1424,South Korea,KOR,2012,37902.58039969637
1425,South Korea,KOR,2013,40224.71328877312
1426,Spain,ESP,2005,35926.73965684824
1427,Spain,ESP,2006,36323.49563904252
1428,Spain,ESP,2007,36464.25311413256
1429,Spain,ESP,2008,30284.0536606151
1430,Spain,ESP,2009,31488.647259952035
1431,Spain,ESP,2010,29575.32033767503
1432,Spain,ESP,2011,27031.191073807426
1433,Spain,ESP,2012,28904.02911850319
1434,Spain,ESP,2013,27695.32178247189
1435,Sri Lanka,LKA,2005,2222.134897978045
1436,Sri Lanka,LKA,2006,6835.281433958982
1437,Sri Lanka,LKA,2007,4558.871377499246
1438,Sri Lanka,LKA,2008,2002.221960214465
1439,Sri Lanka,LKA,2009,1883.390575940365
1440,Sri Lanka,LKA,2010,1992.6565906644064
1441,Sri Lanka,LKA,2011,2663.151259645781
1442,Sri Lanka,LKA,2012,1764.829353994004
1443,Sri Lanka,LKA,2013,2090.320310089888
1444,Sudan,SDN,2005,815.4210894311841
1445,Sudan,SDN,2006,1058.1189628258653
1446,Sudan,SDN,2007,1533.014398861234
1447,Sudan,SDN,2008,1086.2299154118718
1448,Sudan,SDN,2009,1526.4914399047586
1449,Sudan,SDN,2010,1913.3867047466151
1450,Sudan,SDN,2011,1430.3378917594048
1451,Suriname,SUR,2005,115.9864803123081
1452,Suriname,SUR,2006,123.02830852182176
1453,Suriname,SUR,2007,107.14949131459866
1454,Suriname,SUR,2008,69.81697337672176
1455,Suriname,SUR,2009,112.58404763307362
1456,Suriname,SUR,2010,82.41041321013608
1457,Suriname,SUR,2011,71.13701957028525
1458,Suriname,SUR,2012,131.9530443001322
1459,Suriname,SUR,2013,97.23755432801954
1460,Sweden,SWE,2005,5871.349949343651
1461,Sweden,SWE,2006,5429.303315089049
1462,Sweden,SWE,2007,5164.920931122998
1463,Sweden,SWE,2008,4628.141014982086
1464,Sweden,SWE,2009,4852.419807211831
1465,Sweden,SWE,2010,4140.612411936698
1466,Sweden,SWE,2011,4393.097604557913
1467,Sweden,SWE,2012,4314.559855741674
1468,Sweden,SWE,2013,3733.7887135173646
1469,Switzerland,CHE,2005,3935.277157296057
1470,Switzerland,CHE,2006,4696.528989983445
1471,Switzerland,CHE,2007,3417.249623294634
1472,Switzerland,CHE,2008,4010.339334630877
1473,Switzerland,CHE,2009,5320.452373303505
1474,Switzerland,CHE,2010,3037.340933166646
1475,Switzerland,CHE,2011,3605.7770671625312
1476,Switzerland,CHE,2012,3376.092229372378
1477,Switzerland,CHE,2013,4301.132756638735
1478,Syria,SYR,2005,3215.1567719663094
1479,Syria,SYR,2006,2156.000072732664
1480,Syria,SYR,2007,2518.1124255892
1481,Syria,SYR,2008,2461.9563571488607
1482,Syria,SYR,2009,5528.15121054667
1483,Syria,SYR,2010,3575.1188451965145
1484,Syria,SYR,2011,4126.714208215374
1485,Syria,SYR,2012,2143.80827338939
1486,Syria,SYR,2013,1143.4832777711565
1487,Taiwan,TWN,2005,7238.779334400553
1488,Taiwan,TWN,2006,6473.341297997468
1489,Taiwan,TWN,2007,3829.931264837589
1490,Taiwan,TWN,2008,4373.389054466928
1491,Taiwan,TWN,2009,7306.086303692723
1492,Taiwan,TWN,2010,8370.734106422378
1493,Taiwan,TWN,2011,8243.74666056875
1494,Taiwan,TWN,2012,12868.223758684017
1495,Taiwan,TWN,2013,13042.675089979024
1496,Tajikistan,TJK,2005,124.23564378870556
1497,Tajikistan,TJK,2006,78.7997598427767
1498,Tajikistan,TJK,2007,111.83489989558362
1499,Tajikistan,TJK,2008,132.6428592425205
1500,Tajikistan,TJK,2009,92.51576870417466
1501,Tajikistan,TJK,2010,110.45092562937812
1502,Tajikistan,TJK,2011,103.00424710244216
1503,Tajikistan,TJK,2012,104.33288132203889
1504,Tajikistan,TJK,2013,102.27871508947536
1505,Tanzania,TZA,2005,2786.908227479304
1506,Tanzania,TZA,2006,4134.528286358749
1507,Tanzania,TZA,2007,3348.2582569183432
1508,Tanzania,TZA,2008,1741.1679997358003
1509,Tanzania,TZA,2009,2828.203446542786
1510,Tanzania,TZA,2010,2936.921910839912
1511,Tanzania,TZA,2011,4640.992124682089
1512,Tanzania,TZA,2012,5283.41983271073
1513,Tanzania,TZA,2013,2938.856807311997
1514,Thailand,THA,2005,18616.02702641894
1515,Thailand,THA,2006,20906.25793885286
1516,Thailand,THA,2007,11183.291009145993
1517,Thailand,THA,2008,12684.217953109895
1518,Thailand,THA,2009,12816.564060847246
1519,Thailand,THA,2010,13658.792194106005
1520,Thailand,THA,2011,12733.234476073543
1521,Thailand,THA,2012,16902.181076329383
1522,Thailand,THA,2013,13620.64703896075
1523,Timor,TLS,2005,34.53831609143208
1524,Timor,TLS,2006,4.866483842710068
1525,Timor,TLS,2007,19.99366866265143
1526,Timor,TLS,2008,50.40438904547045
1527,Timor,TLS,2009,129.54322724712696
1528,Timor,TLS,2010,141.5093054511756
1529,Timor,TLS,2011,229.447874830534
1530,Timor,TLS,2012,198.66552312198485
1531,Timor,TLS,2013,223.2450256923288
1532,Togo,TGO,2005,195.8443577682065
1533,Togo,TGO,2006,775.3031079711891
1534,Togo,TGO,2007,364.0854031094368
1535,Togo,TGO,2008,462.7560402968229
1536,Togo,TGO,2009,734.2623743649251
1537,Togo,TGO,2010,248.1554309537778
1538,Togo,TGO,2011,355.01812357396966
1539,Togo,TGO,2012,325.51540026151
1540,Togo,TGO,2013,296.4154247408187
1541,Tonga,TON,2005,2.388688396540012
1542,Tonga,TON,2006,2.860101434667684
1543,Tonga,TON,2007,1.8953546888971409
1544,Tonga,TON,2008,1.2592056230814126
1545,Tonga,TON,2009,1.0437630495633496
1546,Tonga,TON,2010,5.21685262240699
1547,Tonga,TON,2011,3.275308062321403
1548,Tonga,TON,2012,2.8186935981730907
1549,Tonga,TON,2013,0.8715739449727978
1550,Trinidad and Tobago,TTO,2005,836.7891998873428
1551,Trinidad and Tobago,TTO,2006,706.4824193880252
1552,Trinidad and Tobago,TTO,2007,633.1235094083279
1553,Trinidad and Tobago,TTO,2008,492.1079641211817
1554,Trinidad and Tobago,TTO,2009,646.8690893207115
1555,Trinidad and Tobago,TTO,2010,543.6739772059224
1556,Trinidad and Tobago,TTO,2011,521.4823764903849
1557,Trinidad and Tobago,TTO,2012,622.6183556380953
1558,Trinidad and Tobago,TTO,2013,518.9740356729669
1559,Tunisia,TUN,2005,2272.5757399598347
1560,Tunisia,TUN,2006,2503.630398172216
1561,Tunisia,TUN,2007,3040.538012405562
1562,Tunisia,TUN,2008,3750.85896231835
1563,Tunisia,TUN,2009,3289.6425864267376
1564,Tunisia,TUN,2010,2500.6883681117606
1565,Tunisia,TUN,2011,3941.672551975442
1566,Tunisia,TUN,2012,6098.840572033982
1567,Tunisia,TUN,2013,4427.0097733499215
1568,Turkey,TUR,2005,11053.642645550772
1569,Turkey,TUR,2006,12537.737406502529
1570,Turkey,TUR,2007,11801.062823108132
1571,Turkey,TUR,2008,12656.351671728473
1572,Turkey,TUR,2009,12379.475142368614
1573,Turkey,TUR,2010,19279.44493242508
1574,Turkey,TUR,2011,21709.21663302348
1575,Turkey,TUR,2012,22498.90046347972
1576,Turkey,TUR,2013,20092.6497310888
1577,Turkmenistan,TKM,2005,123.56486098457069
1578,Turkmenistan,TKM,2006,40.29654035953374
1579,Turkmenistan,TKM,2007,49.49989321827364
1580,Turkmenistan,TKM,2008,105.82312593538924
1581,Turkmenistan,TKM,2009,144.3795525709786
1582,Turkmenistan,TKM,2010,232.78745540146707
1583,Turkmenistan,TKM,2011,123.68341909060663
1584,Turkmenistan,TKM,2012,261.59943699307
1585,Turkmenistan,TKM,2013,186.98935070295695
1586,Uganda,UGA,2005,632.6959031318002
1587,Uganda,UGA,2006,775.8540456902956
1588,Uganda,UGA,2007,940.2930249882666
1589,Uganda,UGA,2008,1409.1739546755016
1590,Uganda,UGA,2009,2425.5132708964084
1591,Uganda,UGA,2010,2979.4231186494653
1592,Uganda,UGA,2011,3378.3427038442023
1593,Uganda,UGA,2012,3216.3444684712595
1594,Uganda,UGA,2013,2420.3034692605142
1595,Ukraine,UKR,2005,6523.943621221465
1596,Ukraine,UKR,2006,5838.888964068221
1597,Ukraine,UKR,2007,7941.3869901852895
1598,Ukraine,UKR,2008,6776.842920858077
1599,Ukraine,UKR,2009,4572.923242175622
1600,Ukraine,UKR,2010,2391.181740036001
1601,Ukraine,UKR,2011,3724.7814388024185
1602,Ukraine,UKR,2012,3514.213798633061
1603,Ukraine,UKR,2013,3794.281389552726
1604,United Arab Emirates,ARE,2005,3914.8043679189454
1605,United Arab Emirates,ARE,2006,7914.171746430024
1606,United Arab Emirates,ARE,2007,6826.288924110867
1607,United Arab Emirates,ARE,2008,8978.71982052529
1608,United Arab Emirates,ARE,2009,8615.767845374568
1609,United Arab Emirates,ARE,2010,4474.013172917669
1610,United Arab Emirates,ARE,2011,11249.924788684431
1611,United Arab Emirates,ARE,2012,14680.835581828433
1612,United Arab Emirates,ARE,2013,13125.008500675278
1613,United Kingdom,GBR,2005,50738.05667993748
1614,United Kingdom,GBR,2006,48670.7622337891
1615,United Kingdom,GBR,2007,43308.83609412721
1616,United Kingdom,GBR,2008,38821.87091732765
1617,United Kingdom,GBR,2009,41744.39412289103
1618,United Kingdom,GBR,2010,33865.76612762504
1619,United Kingdom,GBR,2011,30962.9092795461
1620,United Kingdom,GBR,2012,32897.243465201645
1621,United Kingdom,GBR,2013,26483.34578616505
1622,United States,USA,2005,63726.35246904788
1623,United States,USA,2006,65722.10780414847
1624,United States,USA,2007,66465.76131288364
1625,United States,USA,2008,66102.18821302033
1626,United States,USA,2009,65954.19083403317
1627,United States,USA,2010,63677.09744516806
1628,United States,USA,2011,65309.10695541844
1629,United States,USA,2012,60038.02658708079
1630,United States,USA,2013,68427.87244270777
1631,Uruguay,URY,2005,11066.03832310778
1632,Uruguay,URY,2006,9521.306454682825
1633,Uruguay,URY,2007,3158.451901339319
1634,Uruguay,URY,2008,9646.886846264068
1635,Uruguay,URY,2009,1396.8607213792077
1636,Uruguay,URY,2010,732.1823746452155
1637,Uruguay,URY,2011,1764.8074636106358
1638,Uruguay,URY,2012,768.0595629052041
1639,Uruguay,URY,2013,1449.7530183930412
1640,Uzbekistan,UZB,2005,236.1447186724428
1641,Uzbekistan,UZB,2006,137.36903511035402
1642,Uzbekistan,UZB,2007,139.2248715682936
1643,Uzbekistan,UZB,2008,163.41135834747658
1644,Uzbekistan,UZB,2009,161.72922877690158
1645,Uzbekistan,UZB,2010,305.68126176955747
1646,Uzbekistan,UZB,2011,229.4760487035544
1647,Uzbekistan,UZB,2012,258.0908695078758
1648,Uzbekistan,UZB,2013,315.64348792686764
1649,Vanuatu,VUT,2005,3.71780305112702
1650,Vanuatu,VUT,2006,3.998095509561344
1651,Vanuatu,VUT,2007,1.913328283677341
1652,Vanuatu,VUT,2008,1.529316988027333
1653,Vanuatu,VUT,2009,2.55409718867519
1654,Vanuatu,VUT,2010,1.8505115443122888
1655,Vanuatu,VUT,2011,2.9530471120926096
1656,Vanuatu,VUT,2012,1.895547735645969
1657,Vanuatu,VUT,2013,1.7636518050641463
1658,Venezuela,VEN,2005,12772.90868694683
1659,Venezuela,VEN,2006,21578.06194772195
1660,Venezuela,VEN,2007,36316.3330041509
1661,Venezuela,VEN,2008,53741.49383434261
1662,Venezuela,VEN,2009,40613.687738967536
1663,Venezuela,VEN,2010,21291.53927841327
1664,Venezuela,VEN,2011,25509.398198246432
1665,Venezuela,VEN,2012,29922.81532204764
1666,Venezuela,VEN,2013,28043.954788471696
1667,Vietnam,VNM,2005,6887.638209553952
1668,Vietnam,VNM,2006,11215.826870844196
1669,Vietnam,VNM,2007,15762.451256211103
1670,Vietnam,VNM,2008,18610.13426776517
1671,Vietnam,VNM,2009,27429.982278452157
1672,Vietnam,VNM,2010,22981.069772385483
1673,Vietnam,VNM,2011,22083.981109555527
1674,Vietnam,VNM,2012,21797.122336159824
1675,Vietnam,VNM,2013,22059.823374014413
1676,Yemen,YEM,2005,2341.8208841208234
1677,Yemen,YEM,2006,2131.7235444430403
1678,Yemen,YEM,2007,2778.652373449917
1679,Yemen,YEM,2008,1831.5327291182823
1680,Yemen,YEM,2009,2512.6756615750783
1681,Yemen,YEM,2010,2782.7411323031383
1682,Yemen,YEM,2011,4432.145452024904
1683,Yemen,YEM,2012,4519.655618149976
1684,Yemen,YEM,2013,3257.7578200362213
1685,Zambia,ZMB,2005,425.423715367484
1686,Zambia,ZMB,2006,423.18689412704407
1687,Zambia,ZMB,2007,330.1031668474243
1688,Zambia,ZMB,2008,545.6569529768603
1689,Zambia,ZMB,2009,731.1843788352562
1690,Zambia,ZMB,2010,729.4180239311827
1691,Zambia,ZMB,2011,884.8811306288553
1692,Zambia,ZMB,2012,1096.5815493034388
1693,Zambia,ZMB,2013,545.9722033232101
1694,Zimbabwe,ZWE,2005,1889.1997159580496
1695,Zimbabwe,ZWE,2006,6065.844560585325
1696,Zimbabwe,ZWE,2007,1828.8644569762675
1697,Zimbabwe,ZWE,2008,1977.595022694728
1698,Zimbabwe,ZWE,2009,1032.480492115532
1699,Zimbabwe,ZWE,2010,3959.3779555458623
1700,Zimbabwe,ZWE,2011,6033.991778045498
1701,Zimbabwe,ZWE,2012,7555.484737057175
1702,Zimbabwe,ZWE,2013,3565.574378661082
